rsID,Gene,Wi,tipo,Función fisiológica clave,indice,Category,AlleleString,AlleleRef,AltAlleles_Ensembl,Assembly,Alleles_Source,AltAlleles,AltAllele_1,AltAllele_2,AltAllele_3,ALT_mas_frecuente_General,Freq_ALT_mas_frecuente_General,ALT_mas_frecuente_Europea,Freq_ALT_mas_frecuente_Europea,ALT_mas_frecuente_Americana,Freq_ALT_mas_frecuente_Americana,ALT_mas_frecuente_Latinoamericana,Freq_ALT_mas_frecuente_Latinoamericana,ALT_mas_frecuente_Mexicana,Freq_ALT_mas_frecuente_Mexicana,p_prior_ALT_General,q_prior_ALT_General,P_HWE_AA_ALT_General,P_HWE_Aa_ALT_General,P_HWE_aa_ALT_General,P_HWE_almenos1ALT_General,p_prior_ALT_Europea,q_prior_ALT_Europea,P_HWE_AA_ALT_Europea,P_HWE_Aa_ALT_Europea,P_HWE_aa_ALT_Europea,P_HWE_almenos1ALT_Europea,p_prior_ALT_Americana,q_prior_ALT_Americana,P_HWE_AA_ALT_Americana,P_HWE_Aa_ALT_Americana,P_HWE_aa_ALT_Americana,P_HWE_almenos1ALT_Americana,p_prior_ALT_Latinoamericana,q_prior_ALT_Latinoamericana,P_HWE_AA_ALT_Latinoamericana,P_HWE_Aa_ALT_Latinoamericana,P_HWE_aa_ALT_Latinoamericana,P_HWE_almenos1ALT_Latinoamericana,OddsRatio,CI95,PubMedID,Fuente_RiskAllele,AF_1000G_MXL_RiskAllele,AF_gnomAD_AMR_RiskAllele,AF_ALFA_LATAM_RiskAllele,p_MXL_1000G,p_AMR_gnomAD,p_LATAM_ALFA,p_prior,q_prior,P_HWE_RR,P_HWE_Rr,P_HWE_rr,P_HWE_almenos1R,Fuente_p,Nota_p,Depuracion_NCBI
rs9939609,FTO,28,Riesgo,Aumenta apetito; mayor asociación con obesidad en población mexicana,1,Regulación del peso y obesidad,T/A,T,A,GRCh38,Ensembl,A,A,,,A,0.340056,A,0.413519,A,0.262248,A,0.252479,A,0.226562,0.340056,0.659944,0.1156380831,0.4488358337,0.4355260831,0.5644739169,0.413519,0.586481,0.1709979634,0.4850420733,0.3439599634,0.6560400366,0.262248,0.737752,0.0687740135,0.386947973,0.5442780135,0.4557219865,0.252479,0.747521,0.06374564544,0.3774667091,0.5587876454,0.4412123546,1.32,1.26–1.38,20479742,https://www.ncbi.nlm.nih.gov/snp/rs9939609,0.2265625,0.3149,0.308651026392962,0.2265625,0.3149,0.308651026392962,0.308651026392962,0.691348973607038,0.0952654560934289,0.426771140599066,0.477963403307505,0.522036596692495,https://rest.ensembl.org/variation/human/rs9939609?pops=1,ok,"{""tiene_primary_snapshot_data"": true, ""n_allele_annotations"": 2, ""estudios_detectados"": [""dbGaP_PopFreq"", ""1000Genomes_30X"", ""GnomAD_genomes"", ""GoNL"", ""PRJEB36033"", ""Qatari"", ""SGDP_PRJ"", ""PAGE_STUDY"", ""TWINSUK"", ""TOMMO"", ""PRJEB37584"", ""Siberian""], ""poblaciones_ejemplo"": [""ALL""], ""n_estudios"": 23, ""n_poblaciones"": 1}"
rs17817449,FTO,23,Riesgo,Variante causal funcional; altera splicing en IRX3 e IRX5; reduce adipogénesis beige,1,Regulación del peso y obesidad,T/A/G,T,"A,G",GRCh38,Ensembl,A/G,A,G,,G,0.307708,G,0.414513,G,0.24928,G,0.239648,G,0.210938,0.307708,0.692292,0.09468421326,0.4260475735,0.4792682133,0.5207317867,0.414513,0.585487,0.1718210272,0.4853839457,0.3427950272,0.6572049728,0.24928,0.75072,0.0621405184,0.3742789632,0.5635805184,0.4364194816,0.239648,0.760352,0.0574311639,0.3644336722,0.5781351639,0.4218648361,1.25,1.20–1.30,17826414,https://www.ncbi.nlm.nih.gov/snp/rs17817449,0.2109375,0.3062,0.247481622651783,0.2109375,0.3062,0.247481622651783,0.247481622651783,0.752518377348217,0.0612471535503597,0.372468938202847,0.566283908246793,0.433716091753207,https://rest.ensembl.org/variation/human/rs17817449?pops=1,ok,"{""tiene_primary_snapshot_data"": true, ""n_allele_annotations"": 3, ""estudios_detectados"": [""dbGaP_PopFreq"", ""1000Genomes_30X"", ""GoNL"", ""PRJEB36033"", ""Qatari"", ""SGDP_PRJ"", ""PAGE_STUDY"", ""TWINSUK"", ""TOMMO"", ""PRJEB37584"", ""Siberian"", ""Vietnamese""], ""poblaciones_ejemplo"": [""ALL""], ""n_estudios"": 22, ""n_poblaciones"": 1}"
rs1421085,FTO,13,Riesgo,Asociada con acumulación de grasa y regulación energética,1,Regulación del peso y obesidad,T/C,T,C,GRCh38,Ensembl,C,C,,,C,0.228634,C,0.432406,C,0.239193,C,0.230202,C,0.203125,0.228634,0.771366,0.05227350596,0.3527209881,0.595005506,0.404994494,0.432406,0.567594,0.1869749488,0.4908621023,0.3221629488,0.6778370512,0.239193,0.760807,0.05721329125,0.3639594175,0.5788272912,0.4211727088,0.230202,0.769798,0.0529929608,0.3544180784,0.5925889608,0.4074110392,1.27,1.23–1.31,25082317,https://www.ncbi.nlm.nih.gov/snp/rs1421085,0.796875,0.7113,0.756678047800763,0.796875,0.7113,0.756678047800763,0.756678047800763,0.243321952199237,0.572561668023574,0.368232759554378,0.0592055724220477,0.940794427577952,https://rest.ensembl.org/variation/human/rs1421085?pops=1,ok,"{""tiene_primary_snapshot_data"": true, ""n_allele_annotations"": 2, ""estudios_detectados"": [""dbGaP_PopFreq"", ""1000Genomes_30X"", ""GnomAD_genomes"", ""GoNL"", ""PRJEB36033"", ""Qatari"", ""SGDP_PRJ"", ""PAGE_STUDY"", ""TWINSUK"", ""TOMMO"", ""PRJEB37584"", ""Siberian""], ""poblaciones_ejemplo"": [""ALL""], ""n_estudios"": 23, ""n_poblaciones"": 1}"
rs6265,BDNF,13,Riesgo,Regula saciedad en el hipotálamo; alelo Met puede alterar secreción sináptica,1,Regulación del peso y obesidad,C/T,C,T,GRCh38,Ensembl,T,T,,,T,0.201278,T,0.196819,T,0.152738,T,0.154587,T,0.195312,0.201278,0.798722,0.04051283328,0.3215303334,0.6379568333,0.3620431667,0.196819,0.803181,0.03873771876,0.3161625625,0.6450997188,0.3549002812,0.152738,0.847262,0.02332889664,0.2588182067,0.7178528966,0.2821471034,0.154587,0.845413,0.02389714057,0.2613797189,0.7147231406,0.2852768594,1.15,1.09–1.22,21642808,https://www.ncbi.nlm.nih.gov/snp/rs6265,,,,,,,,,,,,,https://rest.ensembl.org/variation/human/rs6265?pops=1,sin_frecuencia_para_este_alelo_en_poblaciones_objetivo,"{""tiene_primary_snapshot_data"": true, ""n_allele_annotations"": 4, ""estudios_detectados"": [""ExAC"", ""Korea1K"", ""Chileans"", ""FINRISK"", ""dbGaP_PopFreq"", ""1000Genomes_30X"", ""GnomAD_genomes"", ""GnomAD_exomes"", ""GoNL"", ""PRJEB36033"", ""HGDP_Stanford"", ""Qatari""], ""poblaciones_ejemplo"": [""ALL""], ""n_estudios"": 29, ""n_poblaciones"": 1}"
rs4994,ADRB3,13,Riesgo,Participa en termogénesis; la variante Arg64 reduce lipólisis,1,Regulación del peso y obesidad,A/G,A,G,GRCh38,Ensembl,G,G,,,G,0.115016,G,0.0815109,G,0.119597,G,0.123074,G,0.125,0.115016,0.884984,0.01322868026,0.2035746395,0.7831966803,0.2168033197,0.0815109,0.9184891,0.006644026819,0.1497337464,0.8436222268,0.1563777732,0.119597,0.880403,0.01430344241,0.2105871152,0.7751094424,0.2248905576,0.123074,0.876926,0.01514720948,0.215853581,0.7689992095,0.2310007905,1.2,1.05–1.36,10353882,https://www.ncbi.nlm.nih.gov/snp/rs4994,0.875,0.8025,0.848754448398577,0.875,0.8025,0.848754448398577,0.848754448398577,0.151245551601424,0.720384113676372,0.256740669444409,0.0228752168792189,0.977124783120781,https://rest.ensembl.org/variation/human/rs4994?pops=1,ok,"{""tiene_primary_snapshot_data"": true, ""n_allele_annotations"": 4, ""estudios_detectados"": [""ExAC"", ""FINRISK"", ""dbGaP_PopFreq"", ""1000Genomes_30X"", ""GnomAD_genomes"", ""GnomAD_exomes"", ""PRJEB36033"", ""Qatari"", ""SGDP_PRJ"", ""PharmGKB"", ""PAGE_STUDY"", ""TWINSUK""], ""poblaciones_ejemplo"": [""ALL""], ""n_estudios"": 26, ""n_poblaciones"": 1}"
rs1801282,PPARG,10,Riesgo,Asociada con mayor adipogénesis y acumulación de grasa abdominal,1,Regulación del peso y obesidad,C/G/T,C,"G,T",GRCh38,Ensembl,G/T,G,T,,G,0.0702875,G,0.120278,G,0.116715,G,0.122983,G,0.132812,0.0702875,0.9297125,0.004940332656,0.1306943347,0.8643653327,0.1356346673,0.120278,0.879722,0.01446679728,0.2116224054,0.7739107973,0.2260892027,0.116715,0.883285,0.01362239123,0.2061852175,0.7801923912,0.2198076088,0.122983,0.877017,0.01512481829,0.2157163634,0.7691588183,0.2308411817,0.85,0.80–0.90,10938006,https://www.ncbi.nlm.nih.gov/snp/rs1801282,0.8671875,0.8822,0.956843403205919,0.8671875,0.8822,0.956843403205919,0.956843403205919,0.0431565967940814,0.915549298258684,0.0825882098944689,0.00186249184684691,0.998137508153153,https://rest.ensembl.org/variation/human/rs1801282?pops=1,ok,"{""tiene_primary_snapshot_data"": true, ""n_allele_annotations"": 4, ""estudios_detectados"": [""ExAC"", ""FINRISK"", ""dbGaP_PopFreq"", ""1000Genomes_30X"", ""GnomAD_genomes"", ""GoNL"", ""PRJEB36033"", ""Qatari"", ""SGDP_PRJ"", ""PharmGKB"", ""PAGE_STUDY"", ""TWINSUK""], ""poblaciones_ejemplo"": [""ALL""], ""n_estudios"": 27, ""n_poblaciones"": 1}"
rs3856806,PPARG,7,Protectora,"Pro12Ala; efecto protector parcial ante obesidad, modula metabolismo lipídico",1,Regulación del peso y obesidad,C/T,C,T,GRCh38,Ensembl,T,T,,,T,0.126597,T,0.121272,T,0.113833,T,0.118783,T,0.117188,0.126597,0.873403,0.01602680041,0.2211403992,0.7628328004,0.2371671996,0.121272,0.878728,0.01470689798,0.213130204,0.772162898,0.227837102,0.113833,0.886167,0.01295795189,0.2017500962,0.7852919519,0.2147080481,0.118783,0.881217,0.01410940109,0.2093471978,0.7765434011,0.2234565989,0.9,0.84–0.96,14576438,https://www.ncbi.nlm.nih.gov/snp/rs3856806,0.1171875,0.1066,0.0896656534954407,0.1171875,0.1066,0.0896656534954407,0.0896656534954407,0.910334346504559,0.00803992941676444,0.163251448157353,0.828708622425883,0.171291377574117,https://rest.ensembl.org/variation/human/rs3856806?pops=1,ok,"{""tiene_primary_snapshot_data"": true, ""n_allele_annotations"": 2, ""estudios_detectados"": [""ExAC"", ""Korea1K"", ""FINRISK"", ""dbGaP_PopFreq"", ""1000Genomes_30X"", ""GnomAD_genomes"", ""GnomAD_exomes"", ""GoNL"", ""PRJEB36033"", ""HGDP_Stanford"", ""Qatari"", ""SGDP_PRJ""], ""poblaciones_ejemplo"": [""ALL""], ""n_estudios"": 30, ""n_poblaciones"": 1}"
rs1815739,ACTN3,18,Protectora,Potencia / velocidad (expresión de α-actinina-3),3,Respuesta ejercicio y músculo,C/A/T,C,"A,T",GRCh38,Ensembl,A/T,A,T,,T,0.400759,T,0.434394,T,0.572046,T,0.580791,T,0.59375,0.400759,0.599241,0.1606077761,0.4803024478,0.3590897761,0.6409102239,0.434394,0.565606,0.1886981472,0.4913917055,0.3199101472,0.6800898528,0.572046,0.427954,0.3272366261,0.4896187478,0.1831446261,0.8168553739,0.580791,0.419209,0.3373181857,0.4869456286,0.1757361857,0.8242638143,1.32,1.11–1.57,38609671,https://www.ncbi.nlm.nih.gov/snp/rs1815739,0.40625,0.3494,0.39034978913421,0.40625,0.3494,0.39034978913421,0.39034978913421,0.60965021086579,0.152372957877122,0.475953662514176,0.371673379608702,0.628326620391298,https://rest.ensembl.org/variation/human/rs1815739?pops=1,ok,"{""tiene_primary_snapshot_data"": true, ""n_allele_annotations"": 3, ""estudios_detectados"": [""KOREAN"", ""Korea1K"", ""TOMMO"", ""HapMap"", ""Korea4K"", ""TOPMED"", ""PAGE_STUDY"", ""dbGaP_PopFreq"", ""1000Genomes_30X"", ""GnomAD_genomes"", ""GnomAD_exomes""], ""poblaciones_ejemplo"": [""ALL""], ""n_estudios"": 11, ""n_poblaciones"": 1}"
rs1805086,MSTN,12,Protectora,Masa y fuerza muscular (miostatina),3,Respuesta ejercicio y músculo,T/C,T,C,GRCh38,Ensembl,C,C,,,C,0.0710863,C,0.028827,C,0.0504323,C,0.0484323,C,0.0390625,0.0710863,0.9289137,0.005053262048,0.1320660759,0.862880662,0.137119338,0.028827,0.971173,0.000830995929,0.05599200814,0.9431769959,0.05682300407,0.0504323,0.9495677,0.002543416883,0.09577776623,0.9016788169,0.09832118312,0.0484323,0.9515677,0.002345687683,0.09217322463,0.9054810877,0.09451891232,,,,https://www.ncbi.nlm.nih.gov/snp/rs1805086,,,,,,,,,,,,,https://rest.ensembl.org/variation/human/rs1805086?pops=1,sin_frecuencia_para_este_alelo_en_poblaciones_objetivo,"{""tiene_primary_snapshot_data"": true, ""n_allele_annotations"": 4, ""estudios_detectados"": [""ExAC"", ""GoESP"", ""FINRISK"", ""dbGaP_PopFreq"", ""1000Genomes_30X"", ""GnomAD_genomes"", ""GnomAD_exomes"", ""GoNL"", ""Qatari"", ""SGDP_PRJ"", ""PAGE_STUDY"", ""TWINSUK""], ""poblaciones_ejemplo"": [""ALL""], ""n_estudios"": 25, ""n_poblaciones"": 1}"
rs8192678,PPARGC1A,13,Protectora,Resistencia aeróbica / biogénesis mitocondrial,3,Respuesta ejercicio y músculo,C/T,C,T,GRCh38,Ensembl,T,T,,,T,0.265775,T,0.360835,T,0.256484,T,0.251779,T,0.226562,0.265775,0.734225,0.07063635062,0.3902772988,0.5390863506,0.4609136494,0.360835,0.639165,0.1302018972,0.4612662056,0.4085318972,0.5914681028,0.256484,0.743516,0.06578404226,0.3813999155,0.5528160423,0.4471839577,0.251779,0.748221,0.06339266484,0.3767726703,0.5598346648,0.4401653352,,,,https://www.ncbi.nlm.nih.gov/snp/rs8192678,,,,,,,,,,,,,https://rest.ensembl.org/variation/human/rs8192678?pops=1,sin_frecuencia_para_este_alelo_en_poblaciones_objetivo,"{""tiene_primary_snapshot_data"": true, ""n_allele_annotations"": 4, ""estudios_detectados"": [""ExAC"", ""Korea1K"", ""Chileans"", ""GoESP"", ""FINRISK"", ""dbGaP_PopFreq"", ""1000Genomes_30X"", ""GnomAD_genomes"", ""GoNL"", ""PRJEB36033"", ""HGDP_Stanford"", ""Qatari""], ""poblaciones_ejemplo"": [""ALL""], ""n_estudios"": 29, ""n_poblaciones"": 1}"
rs4253778,PPARA,11,Protectora,Metabolismo de ácidos grasos / endurance,3,Respuesta ejercicio y músculo,G/C/T,G,"C,T",GRCh38,Ensembl,C/T,C,T,,C,0.274161,C,0.191849,C,0.170029,C,0.159662,C,0.101562,0.274161,0.725839,0.07516425392,0.3979934922,0.5268422539,0.4731577461,0.191849,0.808151,0.0368060388,0.3100859224,0.6531080388,0.3468919612,0.170029,0.829971,0.02890986084,0.2822382783,0.6888518608,0.3111481392,0.159662,0.840338,0.02549195424,0.2683400915,0.7061679542,0.2938320458,1.65,1.39–1.96,26985127,https://www.ncbi.nlm.nih.gov/snp/rs4253778,0.8984375,0.8051,1,0.8984375,0.8051,1,1,0,1,0,0,1,https://rest.ensembl.org/variation/human/rs4253778?pops=1,ok,"{""tiene_primary_snapshot_data"": true, ""n_allele_annotations"": 3, ""estudios_detectados"": [""ALSPAC"", ""NorthernSweden"", ""TWINSUK"", ""Korea1K"", ""TOMMO"", ""PRJEB37584"", ""SGDP_PRJ"", ""Siberian"", ""Qatari"", ""1000Genomes"", ""TOPMED"", ""GoNL""], ""poblaciones_ejemplo"": [""ALL""], ""n_estudios"": 18, ""n_poblaciones"": 1}"
rs1042713,ADRB2,9,Protectora,"Broncodilatación, flujo sanguíneo muscular",3,Respuesta ejercicio y músculo,G/A/C,G,"A,C",GRCh38,Ensembl,A/C,A,C,,A,0.475639,A,0.385686,A,0.456772,A,0.459117,A,0.476562,0.475639,0.524361,0.2262324583,0.4988130834,0.2749544583,0.7250455417,0.385686,0.614314,0.1487536906,0.4738646188,0.3773816906,0.6226183094,0.456772,0.543228,0.20864066,0.49626268,0.29509666,0.70490334,0.459117,0.540883,0.2107884197,0.4966571606,0.2925544197,0.7074455803,,,,https://www.ncbi.nlm.nih.gov/snp/rs1042713,0.4765625,0.4314,0.438461538461538,0.4765625,0.4314,0.438461538461538,0.438461538461538,0.561538461538462,0.192248520710059,0.492426035502959,0.315325443786982,0.684674556213018,https://rest.ensembl.org/variation/human/rs1042713?pops=1,ok,"{""tiene_primary_snapshot_data"": true, ""n_allele_annotations"": 3, ""estudios_detectados"": [""ExAC"", ""Korea1K"", ""FINRISK"", ""dbGaP_PopFreq"", ""1000Genomes_30X"", ""GnomAD_genomes"", ""GnomAD_exomes"", ""GoNL"", ""PRJEB36033"", ""HGDP_Stanford"", ""PRJEB37766"", ""Qatari""], ""poblaciones_ejemplo"": [""ALL""], ""n_estudios"": 30, ""n_poblaciones"": 1}"
rs1042714,ADRB2,7,Protectora,Tolerancia al ejercicio prolongado,3,Respuesta ejercicio y músculo,G/A/C/T,G,"A,C,T",GRCh38,Ensembl,A/C/T,A,C,T,C,0.795727,C,0.590457,C,0.757925,C,0.772878,C,0.859375,0.795727,0.204273,0.6331814585,0.3250910829,0.04172745853,0.9582725415,0.590457,0.409543,0.3486394688,0.4836350623,0.1677254688,0.8322745312,0.757925,0.242075,0.5744503056,0.3669493888,0.05860030563,0.9413996944,0.772878,0.227122,0.5973404029,0.3510751942,0.05158440288,0.9484155971,,,,https://www.ncbi.nlm.nih.gov/snp/rs1042714,0.140625,0.1825,0.24468085106383,0.140625,0.1825,0.24468085106383,0.24468085106383,0.75531914893617,0.0598687188773201,0.36962426437302,0.570507016749661,0.429492983250339,https://rest.ensembl.org/variation/human/rs1042714?pops=1,ok,"{""tiene_primary_snapshot_data"": true, ""n_allele_annotations"": 4, ""estudios_detectados"": [""ExAC"", ""Korea1K"", ""FINRISK"", ""dbGaP_PopFreq"", ""1000Genomes_30X"", ""GnomAD_genomes"", ""GnomAD_exomes"", ""GoNL"", ""PRJEB36033"", ""Qatari"", ""SGDP_PRJ"", ""PharmGKB""], ""poblaciones_ejemplo"": [""ALL""], ""n_estudios"": 26, ""n_poblaciones"": 1}"
rs4343,ACE,13,Protectora,Capacidad aeróbica (ligado al polimorfismo I/D),3,Respuesta ejercicio y músculo,G/A,G,A,GRCh38,Ensembl,A,A,,,A,0.643171,A,0.435388,A,0.606628,A,0.611545,A,0.617188,0.643171,0.356829,0.4136689352,0.4590041295,0.1273269352,0.8726730648,0.435388,0.564612,0.1895627105,0.4916505789,0.3187867105,0.6812132895,0.606628,0.393372,0.3679975304,0.4772609392,0.1547415304,0.8452584696,0.611545,0.388455,0.373987287,0.475115426,0.150897287,0.849102713,1.35,1.17–1.55,23300571,https://www.ncbi.nlm.nih.gov/snp/rs4343,,,,,,,,,,,,,https://rest.ensembl.org/variation/human/rs4343?pops=1,sin_frecuencia_para_este_alelo_en_poblaciones_objetivo,"{""tiene_primary_snapshot_data"": true, ""n_allele_annotations"": 3, ""estudios_detectados"": [""ExAC"", ""FINRISK"", ""dbGaP_PopFreq"", ""1000Genomes_30X"", ""GnomAD_genomes"", ""GoNL"", ""PRJEB36033"", ""HGDP_Stanford"", ""Qatari"", ""SGDP_PRJ"", ""PAGE_STUDY"", ""TOMMO""], ""poblaciones_ejemplo"": [""ALL""], ""n_estudios"": 21, ""n_poblaciones"": 1}"
rs4341,ACE,9,Protectora,Hipertrofia muscular y resistencia,3,Respuesta ejercicio y músculo,G/A/C/T,G,"A,C,T",GRCh38,Ensembl,A/C/T,A,C,T,C,0.529952,C,0.425447,C,0.569164,C,0.578593,C,0.617188,0.529952,0.470048,0.2808491223,0.4982057554,0.2209451223,0.7790548777,0.425447,0.574553,0.1810051498,0.4888837004,0.3301111498,0.6698888502,0.569164,0.430836,0.3239476589,0.4904326822,0.1856196589,0.8143803411,0.578593,0.421407,0.3347698596,0.4876462807,0.1775838596,0.8224161404,,,,https://www.ncbi.nlm.nih.gov/snp/rs4341,0.3828125,0.4254,0.489417989417989,0.3828125,0.4254,0.489417989417989,0.489417989417989,0.510582010582011,0.239529968365947,0.499776042104084,0.260693989529968,0.739306010470032,https://rest.ensembl.org/variation/human/rs4341?pops=1,ok,"{""tiene_primary_snapshot_data"": true, ""n_allele_annotations"": 4, ""estudios_detectados"": [""ExAC"", ""KOREAN"", ""TOMMO"", ""PRJEB37584"", ""SGDP_PRJ"", ""Siberian"", ""Qatari"", ""1000Genomes"", ""GoESP"", ""TOPMED"", ""PAGE_STUDY"", ""GoNL""], ""poblaciones_ejemplo"": [""ALL""], ""n_estudios"": 17, ""n_poblaciones"": 1}"
rs17602729,AMPD1,10,Riesgo,Metabolismo de purinas; deficiencia ↓rendimiento,3,Respuesta ejercicio y músculo,G/A/T,G,"A,T",GRCh38,Ensembl,A/T,A,T,,A,0.038139,A,0.12326,A,0.0576369,A,0.0555379,A,0.046875,0.038139,0.961861,0.001454583321,0.07336883336,0.9251765833,0.07482341668,0.12326,0.87674,0.0151930276,0.2161339448,0.7686730276,0.2313269724,0.0576369,0.9423631,0.003322012242,0.1086297755,0.8880482122,0.1119517878,0.0555379,0.9444621,0.003084458336,0.1049068833,0.8920086583,0.1079913417,,,,https://www.ncbi.nlm.nih.gov/snp/rs17602729,,,,,,,,,,,,,https://rest.ensembl.org/variation/human/rs17602729?pops=1,sin_frecuencia_para_este_alelo_en_poblaciones_objetivo,"{""tiene_primary_snapshot_data"": true, ""n_allele_annotations"": 4, ""estudios_detectados"": [""ExAC"", ""Chileans"", ""FINRISK"", ""dbGaP_PopFreq"", ""1000Genomes_30X"", ""GnomAD_genomes"", ""GnomAD_exomes"", ""GoNL"", ""Qatari"", ""SGDP_PRJ"", ""PAGE_STUDY"", ""TWINSUK""], ""poblaciones_ejemplo"": [""ALL""], ""n_estudios"": 23, ""n_poblaciones"": 1}"
rs1049434,MCT1,5,Protectora,Transporte de lactato / umbral anaeróbico,3,Respuesta ejercicio y músculo,A/G/T,A,"G,T",GRCh38,Ensembl,G/T,G,T,,T,0.676717,T,0.562624,T,0.551873,T,0.548516,T,0.492188,0.676717,0.323283,0.4579458981,0.4375422038,0.1045118981,0.8954881019,0.562624,0.437376,0.3165457654,0.4921564692,0.1912977654,0.8087022346,0.551873,0.448127,0.3045638081,0.4946183837,0.2008178081,0.7991821919,0.548516,0.451484,0.3008698023,0.4952923955,0.2038378023,0.7961621977,,,,https://www.ncbi.nlm.nih.gov/snp/rs1049434,0.5078125,0.471,0.401497695852535,0.5078125,0.471,0.401497695852535,0.401497695852535,0.598502304147465,0.161200399774894,0.48059459215528,0.358205008069825,0.641794991930175,https://rest.ensembl.org/variation/human/rs1049434?pops=1,ok,"{""tiene_primary_snapshot_data"": true, ""n_allele_annotations"": 3, ""estudios_detectados"": [""ExAC"", ""Korea1K"", ""FINRISK"", ""dbGaP_PopFreq"", ""1000Genomes_30X"", ""GnomAD_genomes"", ""GnomAD_exomes"", ""GoNL"", ""ALSPAC"", ""Qatari"", ""SGDP_PRJ"", ""PharmGKB""], ""poblaciones_ejemplo"": [""ALL""], ""n_estudios"": 28, ""n_poblaciones"": 1}"
rs6552828,ACSL1,3,Protectora,"Activación de ácidos grasos, ↑ oxidación",3,Respuesta ejercicio y músculo,A/G,A,G,GRCh38,Ensembl,G,G,,,G,0.551717,G,0.60338,G,0.449568,G,0.440173,G,0.421875,0.551717,0.448283,0.3043916481,0.4946507038,0.2009576481,0.7990423519,0.60338,0.39662,0.3640674244,0.4786251512,0.1573074244,0.8426925756,0.449568,0.550432,0.2021113866,0.4949132268,0.3029753866,0.6970246134,0.440173,0.559827,0.1937522699,0.4928414601,0.3134062699,0.6865937301,,,,https://www.ncbi.nlm.nih.gov/snp/rs6552828,0.421875,0.4572,0.429784688995215,0.421875,0.4572,0.429784688995215,0.429784688995215,0.570215311004785,0.184714878894714,0.490139620201003,0.325145500904283,0.674854499095717,https://rest.ensembl.org/variation/human/rs6552828?pops=1,ok,"{""tiene_primary_snapshot_data"": true, ""n_allele_annotations"": 2, ""estudios_detectados"": [""Korea1K"", ""dbGaP_PopFreq"", ""1000Genomes_30X"", ""GnomAD_genomes"", ""GoNL"", ""PRJEB36033"", ""HGDP_Stanford"", ""Qatari"", ""SGDP_PRJ"", ""PAGE_STUDY"", ""TWINSUK"", ""TOMMO""], ""poblaciones_ejemplo"": [""ALL""], ""n_estudios"": 25, ""n_poblaciones"": 1}"
rs429358,APOE,13,Riesgo,"Aumenta LDL-C, inflamación y riesgo de EAC y Alzheimer (OR≈1.3–1.9). (PMC)",4,Salud cardiovascular,T/C,T,C,GRCh38,Ensembl,C,C,,,C,0.150559,C,0.15507,C,0.103746,C,0.101196,C,0.0859375,0.150559,0.849441,0.02266801248,0.255781975,0.7215500125,0.2784499875,0.15507,0.84493,0.0240467049,0.2620465902,0.7139067049,0.2860932951,0.103746,0.896254,0.01076323252,0.185965535,0.8032712325,0.1967287675,0.101196,0.898804,0.01024063042,0.1819107392,0.8078486304,0.1921513696,1.3,1.20–1.40,20664243,https://www.ncbi.nlm.nih.gov/snp/rs429358,0.0859375,0.1043,0.0932494279176201,0.0859375,0.1043,0.0932494279176201,0.0932494279176201,0.90675057208238,0.00869545580696344,0.169107944221313,0.822196599971723,0.177803400028277,https://rest.ensembl.org/variation/human/rs429358?pops=1,ok,"{""tiene_primary_snapshot_data"": true, ""n_allele_annotations"": 2, ""estudios_detectados"": [""ExAC"", ""Korea1K"", ""dbGaP_PopFreq"", ""1000Genomes_30X"", ""GnomAD_genomes"", ""GnomAD_exomes"", ""PRJEB36033"", ""Qatari"", ""SGDP_PRJ"", ""PAGE_STUDY"", ""TWINSUK"", ""TOMMO""], ""poblaciones_ejemplo"": [""ALL""], ""n_estudios"": 22, ""n_poblaciones"": 1}"
rs7412,APOE,6,Protectora,Reduce LDL-C; menor riego coronario pero ↑ TG en algunos estudios. (PMC),4,Salud cardiovascular,C/T,C,T,GRCh38,Ensembl,T,T,,,T,0.0750799,T,0.0626243,T,0.0475504,T,0.0464852,T,0.046875,0.0750799,0.9249201,0.005636991384,0.1388858172,0.8554771914,0.1445228086,0.0626243,0.9373757,0.00392180295,0.1174049941,0.878673203,0.121326797,0.0475504,0.9524496,0.00226104054,0.09057871892,0.9071602405,0.09283975946,0.0464852,0.9535148,0.002160873819,0.08864865236,0.9091904738,0.09080952618,0.8,0.70–0.90,20664243,https://www.ncbi.nlm.nih.gov/snp/rs7412,0.046875,0.03193,0.0445205479452055,0.046875,0.03193,0.0445205479452055,0.0445205479452055,0.955479452054795,0.00198207918934134,0.0850769375117283,0.912940983298931,0.0870590167010695,https://rest.ensembl.org/variation/human/rs7412?pops=1,ok,"{""tiene_primary_snapshot_data"": true, ""n_allele_annotations"": 2, ""estudios_detectados"": [""ExAC"", ""dbGaP_PopFreq"", ""1000Genomes_30X"", ""GnomAD_genomes"", ""GnomAD_exomes"", ""PRJEB36033"", ""Qatari"", ""SGDP_PRJ"", ""TWINSUK"", ""TOMMO"", ""PRJEB37584"", ""Siberian""], ""poblaciones_ejemplo"": [""ALL""], ""n_estudios"": 21, ""n_poblaciones"": 1}"
rs5925,LDLR,4,Riesgo,Variante sinónima; se asocia a LDL ligeramente mayor y FH poligénica.,4,Salud cardiovascular,T/C,T,C,GRCh38,Ensembl,C,C,,,C,0.335863,C,0.446322,C,0.541787,C,0.544228,C,0.539062,0.335863,0.664137,0.1128039548,0.4461180905,0.4410779548,0.5589220452,0.446322,0.553678,0.1992033277,0.4942373446,0.3065593277,0.6934406723,0.541787,0.458213,0.2935331534,0.4965076933,0.2099591534,0.7900408466,0.544228,0.455772,0.296184116,0.496087768,0.207728116,0.792271884,1.2,1.08–1.34,16493406,https://www.ncbi.nlm.nih.gov/snp/rs5925,0.5390625,0.5264,0.504634146341463,0.5390625,0.5264,0.504634146341463,0.504634146341463,0.495365853658537,0.254655621653778,0.499957049375372,0.245387328970851,0.754612671029149,https://rest.ensembl.org/variation/human/rs5925?pops=1,ok,"{""tiene_primary_snapshot_data"": true, ""n_allele_annotations"": 2, ""estudios_detectados"": [""ExAC"", ""FINRISK"", ""dbGaP_PopFreq"", ""1000Genomes_30X"", ""GnomAD_genomes"", ""GnomAD_exomes"", ""GoNL"", ""ALSPAC"", ""Qatari"", ""SGDP_PRJ"", ""PharmGKB"", ""TWINSUK""], ""poblaciones_ejemplo"": [""ALL""], ""n_estudios"": 25, ""n_poblaciones"": 1}"
rs11591147,PCSK9,10,Protectora,"Pérdida-de-función; ↓ LDL-C 15–28 %, ↓EAC 40–50 %. (PubMed)",4,Salud cardiovascular,G/A/T,G,"A,T",GRCh38,Ensembl,A/T,A,T,,T,0.00638978,T,0.0208748,T,0.0158501,T,0.0153888,T,0.015625,0.00638978,0.99361022,4.082928845e-05,0.01269790142,0.9872612693,0.01273873071,0.0208748,0.9791252,0.000435757275,0.04087808545,0.9586861573,0.04131384272,0.0158501,0.9841499,0.00025122567,0.03119774866,0.9685510257,0.03144897433,0.0153888,0.9846112,0.0002368151654,0.03030396967,0.9694592152,0.03054078483,0.47,0.41–0.54,24776535,https://www.ncbi.nlm.nih.gov/snp/rs11591147,0.015625,0.006792,0.00808133472367049,0.015625,0.006792,0.00808133472367049,0.00808133472367049,0.99191866527633,6.53079709160024e-05,0.016032053505509,0.983902638523575,0.0160973614764249,https://rest.ensembl.org/variation/human/rs11591147?pops=1,ok,"{""tiene_primary_snapshot_data"": true, ""n_allele_annotations"": 3, ""estudios_detectados"": [""ExAC"", ""NorthernSweden"", ""PRJEB36033"", ""TWINSUK"", ""Siberian"", ""HapMap"", ""1000Genomes"", ""TOPMED"", ""PAGE_STUDY"", ""dbGaP_PopFreq"", ""1000Genomes_30X"", ""GnomAD_genomes""], ""poblaciones_ejemplo"": [""ALL""], ""n_estudios"": 16, ""n_poblaciones"": 1}"
rs5742904,APOB,10,Riesgo,Mutación patogénica FH; LDL muy alto.,4,Salud cardiovascular,C/A/T,C,"A,T",GRCh38,Ensembl,A/T,A,T,,T,0.000869,,,,,,,,,0.000869,0.999131,7.55161e-07,0.001736489678,0.9982627552,0.001737244839,,,,,,,,,,,,,,,,,,,6,3.0–12.1,9685380,https://www.ncbi.nlm.nih.gov/snp/rs5742904,,,,,,,,,,,,,https://rest.ensembl.org/variation/human/rs5742904?pops=1,sin_frecuencia_para_este_alelo_en_poblaciones_objetivo,"{""tiene_primary_snapshot_data"": true, ""n_allele_annotations"": 4, ""estudios_detectados"": [""ExAC"", ""TWINSUK"", ""KOREAN"", ""TOMMO"", ""HapMap"", ""Korea4K"", ""TOPMED"", ""PAGE_STUDY"", ""dbGaP_PopFreq"", ""GnomAD_genomes"", ""ALSPAC"", ""GnomAD_exomes""], ""poblaciones_ejemplo"": [""ALL""], ""n_estudios"": 13, ""n_poblaciones"": 1}"
rs673548,APOB,4,Riesgo,Intrónica; eleva ApoB y LDL levemente.,4,Salud cardiovascular,G/A/T,G,"A,T",GRCh38,Ensembl,A/T,A,T,,A,0.385783,A,0.219682,A,0.260807,A,0.26629,A,0.273438,0.385783,0.614217,0.1488285231,0.4739089538,0.3772625231,0.6227374769,0.219682,0.780318,0.04826018112,0.3428436378,0.6088961811,0.3911038189,0.260807,0.739193,0.06802029125,0.3855734175,0.5464062912,0.4535937088,0.26629,0.73371,0.0709103641,0.3907592718,0.5383303641,0.4616696359,1.1,1.05–1.15,22223379,https://www.ncbi.nlm.nih.gov/snp/rs673548,0.2734375,0.2566,0.253249272550921,0.2734375,0.2566,0.253249272550921,0.253249272550921,0.746750727449079,0.0641351940475709,0.378228157006701,0.557636648945728,0.442363351054272,https://rest.ensembl.org/variation/human/rs673548?pops=1,ok,"{""tiene_primary_snapshot_data"": true, ""n_allele_annotations"": 3, ""estudios_detectados"": [""Korea1K"", ""Chileans"", ""dbGaP_PopFreq"", ""1000Genomes_30X"", ""GnomAD_exomes"", ""GoNL"", ""PRJEB36033"", ""HGDP_Stanford"", ""Qatari"", ""SGDP_PRJ"", ""PharmGKB"", ""PAGE_STUDY""], ""poblaciones_ejemplo"": [""ALL""], ""n_estudios"": 27, ""n_poblaciones"": 1}"
rs676210,APOB,4,Riesgo,↑ LDL-C moderado.,4,Salud cardiovascular,G/A/T,G,"A,T",GRCh38,Ensembl,A/T,A,T,,A,0.366214,A,0.217694,A,0.24928,A,0.255895,A,0.273438,0.366214,0.633786,0.1341126938,0.4642026124,0.4016846938,0.5983153062,0.217694,0.782306,0.04739067764,0.3406066447,0.6120026776,0.3879973224,0.24928,0.75072,0.0621405184,0.3742789632,0.5635805184,0.4364194816,0.255895,0.744105,0.06548225102,0.3808254979,0.553692251,0.446307749,1.1,1.05–1.15,22223379,https://www.ncbi.nlm.nih.gov/snp/rs676210,,,,,,,,,,,,,https://rest.ensembl.org/variation/human/rs676210?pops=1,sin_frecuencia_para_este_alelo_en_poblaciones_objetivo,"{""tiene_primary_snapshot_data"": true, ""n_allele_annotations"": 3, ""estudios_detectados"": [""ExAC"", ""Korea1K"", ""FINRISK"", ""dbGaP_PopFreq"", ""1000Genomes_30X"", ""GoNL"", ""PRJEB36033"", ""HGDP_Stanford"", ""Qatari"", ""SGDP_PRJ"", ""PharmGKB"", ""PAGE_STUDY""], ""poblaciones_ejemplo"": [""ALL""], ""n_estudios"": 26, ""n_poblaciones"": 1}"
rs1042034,APOB,5,Riesgo,"Meta-análisis muestra ↑ LDL-C, ↑ EAC.",4,Salud cardiovascular,C/T,C,T,GRCh38,Ensembl,T,T,,,T,0.629593,T,0.782306,T,0.74928,T,0.742776,T,0.726562,0.629593,0.370407,0.3963873456,0.4664113087,0.1372013456,0.8627986544,0.782306,0.217694,0.6120026776,0.3406066447,0.04739067764,0.9526093224,0.74928,0.25072,0.5614205184,0.3757189632,0.0628605184,0.9371394816,0.742776,0.257224,0.5517161862,0.3821196276,0.06616418618,0.9338358138,1.2,1.10–1.30,22194564,https://www.ncbi.nlm.nih.gov/snp/rs1042034,,,,,,,,,,,,,https://rest.ensembl.org/variation/human/rs1042034?pops=1,sin_frecuencia_para_este_alelo_en_poblaciones_objetivo,"{""tiene_primary_snapshot_data"": true, ""n_allele_annotations"": 4, ""estudios_detectados"": [""ExAC"", ""Korea1K"", ""FINRISK"", ""dbGaP_PopFreq"", ""1000Genomes_30X"", ""GnomAD_genomes"", ""GoNL"", ""ALSPAC"", ""PRJEB36033"", ""Qatari"", ""SGDP_PRJ"", ""PharmGKB""], ""poblaciones_ejemplo"": [""ALL""], ""n_estudios"": 27, ""n_poblaciones"": 1}"
rs1042031,APOB,3,Riesgo,Efecto discreto sobre LDL; evidencia limitada.,4,Salud cardiovascular,C/A/T,C,"A,T",GRCh38,Ensembl,A/T,A,T,,T,0.127796,T,0.212724,T,0.119597,T,0.120996,T,0.164062,0.127796,0.872204,0.01633181762,0.2229283648,0.7607398176,0.2392601824,0.212724,0.787276,0.04525150018,0.3349449996,0.6198035002,0.3801964998,0.119597,0.880403,0.01430344241,0.2105871152,0.7751094424,0.2248905576,0.120996,0.879004,0.01464003202,0.212711936,0.772648032,0.227351968,1.15,1.05–1.25,22194564,https://www.ncbi.nlm.nih.gov/snp/rs1042031,,,,,,,,,,,,,https://rest.ensembl.org/variation/human/rs1042031?pops=1,sin_frecuencia_para_este_alelo_en_poblaciones_objetivo,"{""tiene_primary_snapshot_data"": true, ""n_allele_annotations"": 4, ""estudios_detectados"": [""FINRISK"", ""dbGaP_PopFreq"", ""1000Genomes_30X"", ""GnomAD_genomes"", ""GoNL"", ""ALSPAC"", ""PRJEB36033"", ""HGDP_Stanford"", ""Qatari"", ""SGDP_PRJ"", ""PharmGKB"", ""PAGE_STUDY""], ""poblaciones_ejemplo"": [""ALL""], ""n_estudios"": 26, ""n_poblaciones"": 1}"
rs3135506,APOA5,4,Riesgo,"↑ TG (30–40 %), ↑ riesgo cardiometabólico. (ScienceDirect)",4,Salud cardiovascular,G/A/C,G,"A,C",GRCh38,Ensembl,A/C,A,C,,C,0.0557109,C,0.0675944,C,0.116715,C,0.118443,C,0.101562,0.0557109,0.9442891,0.003103704379,0.1052143912,0.8916819044,0.1083180956,0.0675944,0.9324056,0.004569002911,0.1260507942,0.8693802029,0.1306197971,0.116715,0.883285,0.01362239123,0.2061852175,0.7801923912,0.2198076088,0.118443,0.881557,0.01402874425,0.2088285115,0.7771427442,0.2228572558,1.4,1.25–1.55,15531561,https://www.ncbi.nlm.nih.gov/snp/rs3135506,,,,,,,,,,,,,https://rest.ensembl.org/variation/human/rs3135506?pops=1,sin_frecuencia_para_este_alelo_en_poblaciones_objetivo,"{""tiene_primary_snapshot_data"": true, ""n_allele_annotations"": 3, ""estudios_detectados"": [""dbGaP_PopFreq"", ""1000Genomes_30X"", ""GoNL"", ""PRJEB37766"", ""Qatari"", ""SGDP_PRJ"", ""PAGE_STUDY"", ""TWINSUK"", ""TOMMO"", ""PRJEB37584"", ""Siberian"", ""Vietnamese""], ""poblaciones_ejemplo"": [""ALL""], ""n_estudios"": 19, ""n_poblaciones"": 1}"
rs3798220,LPA,8,Riesgo,"↑ Lp(a) + ∼2-3× EAC / ictus. (Oxford Academic, Lippincott)",4,Salud cardiovascular,T/C,T,C,GRCh38,Ensembl,C,C,,,C,0.0513179,C,0.00994036,C,0.216138,C,0.219792,C,0.195312,0.0513179,0.9486821,0.00263352686,0.09736874628,0.8999977269,0.1000022731,0.00994036,0.99005964,9.881075693e-05,0.01968309849,0.9802180908,0.01978190924,0.216138,0.783862,0.04671563504,0.3388447299,0.614439635,0.385560365,0.219792,0.780208,0.04830852326,0.3429669535,0.6087245233,0.3912754767,1.5,1.35–1.67,18550895,https://www.ncbi.nlm.nih.gov/snp/rs3798220,0.1953125,0.2667,0.127927927927928,0.1953125,0.2667,0.127927927927928,0.127927927927928,0.872072072072072,0.0163655547439331,0.22312474636799,0.760509698888077,0.239490301111923,https://rest.ensembl.org/variation/human/rs3798220?pops=1,ok,"{""tiene_primary_snapshot_data"": true, ""n_allele_annotations"": 2, ""estudios_detectados"": [""ExAC"", ""Korea1K"", ""FINRISK"", ""dbGaP_PopFreq"", ""1000Genomes_30X"", ""GnomAD_genomes"", ""GnomAD_exomes"", ""GoNL"", ""ALSPAC"", ""PRJEB36033"", ""SGDP_PRJ"", ""TWINSUK""], ""poblaciones_ejemplo"": [""ALL""], ""n_estudios"": 25, ""n_poblaciones"": 1}"
rs10455872,LPA,8,Riesgo,↑ Lp(a); OR ≈ 1.5–2.0 para EAC. (Lippincott),4,Salud cardiovascular,A/G,A,G,GRCh38,Ensembl,G,G,,,G,0.0221645,G,0.0735586,G,0.0331412,G,0.0303393,G,0.0078125,0.0221645,0.9778355,0.0004912650603,0.04334646988,0.9561622651,0.04383773494,0.0735586,0.9264414,0.005410867634,0.1362954647,0.8582936676,0.1417063324,0.0331412,0.9668588,0.001098339137,0.06408572173,0.9348159391,0.06518406086,0.0303393,0.9696607,0.0009204731245,0.05883765375,0.9402418731,0.05975812688,1.5,1.35–1.67,18550895,https://www.ncbi.nlm.nih.gov/snp/rs10455872,0.0078125,0.03835,0.0286791215994756,0.0078125,0.03835,0.0286791215994756,0.0286791215994756,0.971320878400524,0.000822492015717507,0.0557132591675162,0.943464248816766,0.0565357511832337,https://rest.ensembl.org/variation/human/rs10455872?pops=1,ok,"{""tiene_primary_snapshot_data"": true, ""n_allele_annotations"": 2, ""estudios_detectados"": [""ALSPAC"", ""NorthernSweden"", ""PRJEB36033"", ""TWINSUK"", ""TOMMO"", ""SGDP_PRJ"", ""PRJEB37766"", ""HapMap"", ""1000Genomes"", ""TOPMED"", ""GENOME_DK"", ""GoNL""], ""poblaciones_ejemplo"": [""ALL""], ""n_estudios"": 18, ""n_poblaciones"": 1}"
rs1799983,NOS3,4,Riesgo,Disminuye actividad eNOS; ↑ HTA / CAD. (AHÁ Journals),4,Salud cardiovascular,T/A/G,T,"A,G",GRCh38,Ensembl,A/G,A,G,,G,0.823682,G,0.656064,G,0.785303,G,0.79171,G,0.804688,0.823682,0.176318,0.6784520371,0.2904599258,0.03108803712,0.9689119629,0.656064,0.343936,0.4304199721,0.4512880558,0.1182919721,0.8817080279,0.785303,0.214697,0.6167008018,0.3372043964,0.04609480181,0.9539051982,0.79171,0.20829,0.6268047241,0.3298105518,0.0433847241,0.9566152759,1.3,1.20–1.41,11081951,https://www.ncbi.nlm.nih.gov/snp/rs1799983,0.1953125,1,0.3,0.1953125,1,0.3,0.3,0.7,0.09,0.42,0.49,0.51,https://rest.ensembl.org/variation/human/rs1799983?pops=1,ok,"{""tiene_primary_snapshot_data"": true, ""n_allele_annotations"": 3, ""estudios_detectados"": [""ExAC"", ""Korea1K"", ""dbGaP_PopFreq"", ""1000Genomes_30X"", ""GnomAD_exomes"", ""GoNL"", ""PRJEB36033"", ""Qatari"", ""SGDP_PRJ"", ""PharmGKB"", ""TWINSUK"", ""TOMMO""], ""poblaciones_ejemplo"": [""ALL""], ""n_estudios"": 25, ""n_poblaciones"": 1}"
rs3025039,VEGFA,5,Riesgo,Alelo T reduce VEGF; meta-análisis muestra menor riesgo coronario (OR ≈ 0.78). (Oncotarget),4,Salud cardiovascular,C/T,C,T,GRCh38,Ensembl,T,T,,,T,0.133586,T,0.121272,T,0.227666,T,0.237852,T,0.304688,0.133586,0.866414,0.0178452194,0.2314815612,0.7506732194,0.2493267806,0.121272,0.878728,0.01470689798,0.213130204,0.772162898,0.227837102,0.227666,0.772334,0.05183180756,0.3516683849,0.5964998076,0.4035001924,0.237852,0.762148,0.0565735739,0.3625568522,0.5808695739,0.4191304261,1.15,1.05–1.26,12577243,https://www.ncbi.nlm.nih.gov/snp/rs3025039,0.3046875,0.27,0.246362339514979,0.3046875,0.27,0.246362339514979,0.246362339514979,0.753637660485022,0.0606944023312936,0.37133587436737,0.567969723301336,0.432030276698664,https://rest.ensembl.org/variation/human/rs3025039?pops=1,ok,"{""tiene_primary_snapshot_data"": true, ""n_allele_annotations"": 2, ""estudios_detectados"": [""Korea1K"", ""dbGaP_PopFreq"", ""1000Genomes_30X"", ""GnomAD_genomes"", ""GnomAD_exomes"", ""PRJEB36033"", ""Qatari"", ""SGDP_PRJ"", ""PAGE_STUDY"", ""TWINSUK"", ""TOMMO"", ""PRJEB37584""], ""poblaciones_ejemplo"": [""ALL""], ""n_estudios"": 23, ""n_poblaciones"": 1}"
rs4762,AGT,5,Riesgo,"↑ angiotensina II, HTA y EAC moderada.",4,Salud cardiovascular,G/A,G,A,GRCh38,Ensembl,A,A,,,A,0.101637,A,0.130219,A,0.126801,A,0.127941,A,0.132812,0.101637,0.898363,0.01033007977,0.1826138405,0.8070560798,0.1929439202,0.130219,0.869781,0.01695698796,0.2265240241,0.756518988,0.243481012,0.126801,0.873199,0.0160784936,0.2214450128,0.7624764936,0.2375235064,0.127941,0.872059,0.01636889948,0.223144201,0.7604868995,0.2395131005,1.2,1.10–1.30,12581366,https://www.ncbi.nlm.nih.gov/snp/rs4762,,,,,,,,,,,,,https://rest.ensembl.org/variation/human/rs4762?pops=1,sin_frecuencia_para_este_alelo_en_poblaciones_objetivo,"{""tiene_primary_snapshot_data"": true, ""n_allele_annotations"": 4, ""estudios_detectados"": [""ExAC"", ""Korea1K"", ""FINRISK"", ""dbGaP_PopFreq"", ""1000Genomes_30X"", ""GnomAD_genomes"", ""GnomAD_exomes"", ""GoNL"", ""ALSPAC"", ""PRJEB36033"", ""HGDP_Stanford"", ""Qatari""], ""poblaciones_ejemplo"": [""ALL""], ""n_estudios"": 29, ""n_poblaciones"": 1}"
rs5182,AGTR1,3,Riesgo,LD con rs5186; asociación modesta HTA.,4,Salud cardiovascular,C/G/T,C,"G,T",GRCh38,Ensembl,G/T,G,T,,T,0.458067,T,0.492048,T,0.585014,T,0.587949,T,0.59375,0.458067,0.541933,0.2098253765,0.496483247,0.2936913765,0.7063086235,0.492048,0.507952,0.2421112343,0.4998735314,0.2580152343,0.7419847657,0.585014,0.414986,0.3422413802,0.4855452396,0.1722133802,0.8277866198,0.587949,0.412051,0.3456840266,0.4845299468,0.1697860266,0.8302139734,1.15,1.05–1.26,10549301,https://www.ncbi.nlm.nih.gov/snp/rs5182,,,,,,,,,,,,,https://rest.ensembl.org/variation/human/rs5182?pops=1,sin_frecuencia_para_este_alelo_en_poblaciones_objetivo,"{""tiene_primary_snapshot_data"": true, ""n_allele_annotations"": 3, ""estudios_detectados"": [""ExAC"", ""Korea1K"", ""GoESP"", ""FINRISK"", ""dbGaP_PopFreq"", ""1000Genomes_30X"", ""GnomAD_genomes"", ""GnomAD_exomes"", ""GoNL"", ""Qatari"", ""SGDP_PRJ"", ""PharmGKB""], ""poblaciones_ejemplo"": [""ALL""], ""n_estudios"": 29, ""n_poblaciones"": 1}"
rs5183,AGTR1,3,Riesgo,"Efecto similar, evidencia limitada.",4,Salud cardiovascular,A/G/T,A,"G,T",GRCh38,Ensembl,G/T,G,T,,G,0.106829,G,0.0487078,G,0.0345821,G,0.0318959,G,0.015625,0.106829,0.893171,0.01141243524,0.1908331295,0.7977544352,0.2022455648,0.0487078,0.9512922,0.002372449781,0.09267070044,0.9049568498,0.09504315022,0.0345821,0.9654179,0.00119592164,0.06677235672,0.9320317216,0.06796827836,0.0318959,0.9681041,0.001017348437,0.06175710313,0.9372255484,0.06277445156,1.15,1.05–1.26,10549301,https://www.ncbi.nlm.nih.gov/snp/rs5183,0.015625,0.036,0.0495435016111708,0.015625,0.036,0.0495435016111708,0.0495435016111708,0.950456498388829,0.00245455855189608,0.0941778861185494,0.903367555329555,0.0966324446704455,https://rest.ensembl.org/variation/human/rs5183?pops=1,ok,"{""tiene_primary_snapshot_data"": true, ""n_allele_annotations"": 3, ""estudios_detectados"": [""ExAC"", ""FINRISK"", ""dbGaP_PopFreq"", ""1000Genomes_30X"", ""GnomAD_genomes"", ""GnomAD_exomes"", ""GoNL"", ""ALSPAC"", ""Qatari"", ""SGDP_PRJ"", ""PharmGKB"", ""TWINSUK""], ""poblaciones_ejemplo"": [""ALL""], ""n_estudios"": 22, ""n_poblaciones"": 1}"
rs1799817,INSR,3,Riesgo,Relacionado con resistencia a insulina y dislipidemia.,4,Salud cardiovascular,G/A,G,A,GRCh38,Ensembl,A,A,,,A,0.292532,A,0.215706,A,0.231988,A,0.233816,A,0.226562,0.292532,0.707468,0.08557497102,0.413914058,0.500510971,0.499489029,0.215706,0.784294,0.04652907844,0.3383538431,0.6151170784,0.3848829216,0.231988,0.768012,0.05381843214,0.3563391357,0.5898424321,0.4101575679,0.233816,0.766184,0.05466992186,0.3582921563,0.5870379219,0.4129620781,1.1,1.02–1.18,12843174,https://www.ncbi.nlm.nih.gov/snp/rs1799817,0.2265625,0.2516,0.240248447204969,0.2265625,0.2516,0.240248447204969,0.240248447204969,0.759751552795031,0.0577193163843988,0.36505826164114,0.577222421974461,0.422777578025539,https://rest.ensembl.org/variation/human/rs1799817?pops=1,ok,"{""tiene_primary_snapshot_data"": true, ""n_allele_annotations"": 2, ""estudios_detectados"": [""ExAC"", ""FINRISK"", ""dbGaP_PopFreq"", ""1000Genomes_30X"", ""GnomAD_genomes"", ""GnomAD_exomes"", ""GoNL"", ""ALSPAC"", ""Qatari"", ""SGDP_PRJ"", ""PAGE_STUDY"", ""TWINSUK""], ""poblaciones_ejemplo"": [""ALL""], ""n_estudios"": 26, ""n_poblaciones"": 1}"
rs2059806,INSR,3,Riesgo,"Efecto similar, evidencia modesta.",4,Salud cardiovascular,C/G/T,C,"G,T",GRCh38,Ensembl,G/T,G,T,,T,0.244808,T,0.285288,T,0.236311,T,0.238721,T,0.242188,0.244808,0.755192,0.05993095686,0.3697540863,0.5703149569,0.4296850431,0.285288,0.714712,0.08138924294,0.4077975141,0.5108132429,0.4891867571,0.236311,0.763689,0.05584288872,0.3609362226,0.5832208887,0.4167791113,0.238721,0.761279,0.05698771584,0.3634665683,0.5795457158,0.4204542842,1.05,0.98–1.12,12843174,https://www.ncbi.nlm.nih.gov/snp/rs2059806,0.2421875,0.2544,0.241131756756757,0.2421875,0.2544,0.241131756756757,0.241131756756757,0.758868243243243,0.0581445241165997,0.365974465280314,0.575881010603086,0.424118989396914,https://rest.ensembl.org/variation/human/rs2059806?pops=1,ok,"{""tiene_primary_snapshot_data"": true, ""n_allele_annotations"": 4, ""estudios_detectados"": [""Korea1K"", ""FINRISK"", ""dbGaP_PopFreq"", ""1000Genomes_30X"", ""GoNL"", ""ALSPAC"", ""Qatari"", ""SGDP_PRJ"", ""TWINSUK"", ""TOMMO"", ""PRJEB37584"", ""Siberian""], ""poblaciones_ejemplo"": [""ALL""], ""n_estudios"": 23, ""n_poblaciones"": 1}"
rs1800795,IL6,6,Protectora,Alelo C ↓ IL-6; varios meta-análisis señalan menor riesgo EAC (OR ≈ 0.85).,4,Salud cardiovascular,C/G/T,C,"G,T",GRCh38,Ensembl,G/T,G,T,,G,0.858826,G,0.584493,G,0.815562,G,0.824061,G,0.867188,0.858826,0.141174,0.7375820983,0.2424878034,0.01993009828,0.9800699017,0.584493,0.415507,0.341632067,0.4857218659,0.172646067,0.827353933,0.815562,0.184438,0.6651413758,0.3008412483,0.03401737584,0.9659826242,0.824061,0.175939,0.6790765317,0.2899689366,0.03095453172,0.9690454683,1.2,1.12–1.29,14504143,https://www.ncbi.nlm.nih.gov/snp/rs1800795,0.1328125,0.1844,0.178571428571429,0.1328125,0.1844,0.178571428571429,0.178571428571429,0.821428571428571,0.0318877551020408,0.293367346938776,0.674744897959184,0.325255102040816,https://rest.ensembl.org/variation/human/rs1800795?pops=1,ok,"{""tiene_primary_snapshot_data"": true, ""n_allele_annotations"": 3, ""estudios_detectados"": [""Korea1K"", ""dbGaP_PopFreq"", ""1000Genomes_30X"", ""GnomAD_genomes"", ""GnomAD_exomes"", ""GoNL"", ""PRJEB36033"", ""Qatari"", ""SGDP_PRJ"", ""PAGE_STUDY"", ""TWINSUK"", ""TOMMO""], ""poblaciones_ejemplo"": [""ALL""], ""n_estudios"": 25, ""n_poblaciones"": 1}"
rs1800629,TNF,6,Riesgo,↑ TNF-α; OR ≈ 1.3 para IAM / aterosclerosis. (PMC),4,Salud cardiovascular,G/A,G,A,GRCh38,Ensembl,A,A,,,A,0.0902556,A,0.134195,A,0.0691643,A,0.0672996,A,0.0546875,0.0902556,0.9097444,0.008146073331,0.1642190533,0.8276348733,0.1723651267,0.134195,0.865805,0.01800829803,0.232373404,0.749618298,0.250381702,0.0691643,0.9308357,0.004783700394,0.1287611992,0.8664551004,0.1335448996,0.0672996,0.9327004,0.00452923616,0.1255407277,0.8699300362,0.1300699638,1.3,1.15–1.47,12576178,https://www.ncbi.nlm.nih.gov/snp/rs1800629,0.0546875,0.06085,0.0887394957983193,0.0546875,0.06085,0.0887394957983193,0.0887394957983193,0.911260504201681,0.00787469811453993,0.161729595367559,0.830395706517901,0.169604293482099,https://rest.ensembl.org/variation/human/rs1800629?pops=1,ok,"{""tiene_primary_snapshot_data"": true, ""n_allele_annotations"": 2, ""estudios_detectados"": [""ExAC"", ""dbGaP_PopFreq"", ""1000Genomes_30X"", ""GnomAD_genomes"", ""GnomAD_exomes"", ""GoNL"", ""ALSPAC"", ""PRJEB36033"", ""Qatari"", ""SGDP_PRJ"", ""PharmGKB"", ""PAGE_STUDY""], ""poblaciones_ejemplo"": [""ALL""], ""n_estudios"": 26, ""n_poblaciones"": 1}"
rs5918,ITGB3,5,Riesgo,Aumenta agregación plaquetaria; OR ≈ 1.2–1.4 IAM.,4,Salud cardiovascular,T/C,T,C,GRCh38,Ensembl,C,C,,,C,0.0888578,C,0.132207,C,0.102305,C,0.100077,C,0.101562,0.0888578,0.9111422,0.007895708621,0.1619241828,0.8301801086,0.1698198914,0.132207,0.867793,0.01747869085,0.2294566183,0.7530646908,0.2469353092,0.102305,0.897695,0.01046631302,0.183677374,0.805856313,0.194143687,0.100077,0.899923,0.01001540593,0.1801231881,0.8098614059,0.1901385941,1.5,1.30–1.70,15070246,https://www.ncbi.nlm.nih.gov/snp/rs5918,0.1015625,0.07969,0.0942694120565616,0.1015625,0.07969,0.0942694120565616,0.0942694120565616,0.905730587943438,0.00888672204948981,0.170765380014144,0.820347897936366,0.179652102063634,https://rest.ensembl.org/variation/human/rs5918?pops=1,ok,"{""tiene_primary_snapshot_data"": true, ""n_allele_annotations"": 2, ""estudios_detectados"": [""ExAC"", ""Korea1K"", ""FINRISK"", ""dbGaP_PopFreq"", ""1000Genomes_30X"", ""GnomAD_genomes"", ""GnomAD_exomes"", ""GoNL"", ""PRJEB36033"", ""Qatari"", ""SGDP_PRJ"", ""PAGE_STUDY""], ""poblaciones_ejemplo"": [""ALL""], ""n_estudios"": 26, ""n_poblaciones"": 1}"
rs13266634,SLC30A8,18,Riesgo,C677T ↓ 70 % actividad; OR ≈ 1.60 hiperhomocisteinemia; alta frecuencia (T ≈ 0.45 en MX).,5,Nutrigenómica y micronutrientes,C/A/T,C,"A,T",GRCh38,Ensembl,A/T,A,T,,T,0.255192,T,0.2833,T,0.266571,T,0.263231,T,0.242188,0.255192,0.744808,0.06512295686,0.3801380863,0.5547389569,0.4452610431,0.2833,0.7167,0.08025889,0.40608222,0.51365889,0.48634111,0.266571,0.733429,0.07106009804,0.3910218039,0.537918098,0.462081902,0.263231,0.736769,0.06929055936,0.3878808813,0.5428285594,0.4571714406,1.13,1.09–1.17,17463246,https://www.ncbi.nlm.nih.gov/snp/rs13266634,0.7578125,0.7458,0.779700654817587,0.7578125,0.7458,0.779700654817587,0.779700654817587,0.220299345182413,0.607933111122973,0.343535087389227,0.0485318014878002,0.9514681985122,https://rest.ensembl.org/variation/human/rs13266634?pops=1,ok,"{""tiene_primary_snapshot_data"": true, ""n_allele_annotations"": 3, ""estudios_detectados"": [""ExAC"", ""Korea1K"", ""FINRISK"", ""dbGaP_PopFreq"", ""1000Genomes_30X"", ""GnomAD_exomes"", ""GoNL"", ""PRJEB36033"", ""HGDP_Stanford"", ""Qatari"", ""SGDP_PRJ"", ""PAGE_STUDY""], ""poblaciones_ejemplo"": [""ALL""], ""n_estudios"": 28, ""n_poblaciones"": 1}"
rs1260326,GCKR,8,Riesgo,A1298C ↓ 35 % actividad; efecto menor y ligado al anterior.,5,Nutrigenómica y micronutrientes,T/C/G,T,"C,G",GRCh38,Ensembl,C/G,C,G,,C,0.706669,C,0.589463,C,0.638329,C,0.639252,C,0.648438,0.706669,0.293331,0.4993810756,0.4145758489,0.08604307556,0.9139569244,0.589463,0.410537,0.3474666284,0.4839927433,0.1685406284,0.8314593716,0.638329,0.361671,0.4074639122,0.4617301755,0.1308059122,0.8691940878,0.639252,0.360748,0.4086431195,0.461217761,0.1301391195,0.8698608805,1.14,1.11–1.18,18585353,https://www.ncbi.nlm.nih.gov/snp/rs1260326,0.3515625,0.3352,0.33631977946244,0.3515625,0.3352,0.33631977946244,0.33631977946244,0.66368022053756,0.113110994057664,0.446417570809551,0.440471435132785,0.559528564867215,https://rest.ensembl.org/variation/human/rs1260326?pops=1,ok,"{""tiene_primary_snapshot_data"": true, ""n_allele_annotations"": 4, ""estudios_detectados"": [""ExAC"", ""GoESP"", ""FINRISK"", ""dbGaP_PopFreq"", ""1000Genomes_30X"", ""GnomAD_genomes"", ""GoNL"", ""PRJEB36033"", ""HGDP_Stanford"", ""Qatari"", ""SGDP_PRJ"", ""PAGE_STUDY""], ""poblaciones_ejemplo"": [""ALL""], ""n_estudios"": 27, ""n_poblaciones"": 1}"
rs1801133,MTHFR,10,Riesgo,Arg325Trp altera transporte Zn²⁺; Δ Zn plasmático y HbA1c; OR ≈ 1.13 DM2.,5,Nutrigenómica y micronutrientes,G/A/C,G,"A,C",GRCh38,Ensembl,A/C,A,C,,A,0.245407,A,0.364811,A,0.474063,A,0.473428,A,0.46875,0.245407,0.754593,0.06022459565,0.3703648087,0.5694105956,0.4305894044,0.364811,0.635189,0.1330870657,0.4634478686,0.4034650657,0.5965349343,0.474063,0.525937,0.224735728,0.4986545441,0.276609728,0.723390272,0.473428,0.526572,0.2241340712,0.4985878576,0.2772780712,0.7227219288,1.5,1.40–1.60,16254286,https://www.ncbi.nlm.nih.gov/snp/rs1801133,,,,,,,,,,,,,https://rest.ensembl.org/variation/human/rs1801133?pops=1,sin_frecuencia_para_este_alelo_en_poblaciones_objetivo,"{""tiene_primary_snapshot_data"": true, ""n_allele_annotations"": 4, ""estudios_detectados"": [""ExAC"", ""FINRISK"", ""dbGaP_PopFreq"", ""1000Genomes_30X"", ""GnomAD_genomes"", ""GnomAD_exomes"", ""GoNL"", ""ALSPAC"", ""PRJEB36033"", ""HGDP_Stanford"", ""Qatari"", ""SGDP_PRJ""], ""poblaciones_ejemplo"": [""ALL""], ""n_estudios"": 29, ""n_poblaciones"": 1}"
rs1801131,MTHFR,10,Riesgo,"Leu446Pro ↑ TG +16 mg/dL, ↓ glucosa; fuerte interacción con ingesta de azúcares.",5,Nutrigenómica y micronutrientes,T/G,T,G,GRCh38,Ensembl,G,G,,,G,0.249401,G,0.313121,G,0.151297,G,0.148935,G,0.164062,0.249401,0.750599,0.0622008588,0.3744002824,0.5633988588,0.4366011412,0.313121,0.686879,0.09804476064,0.4301524787,0.4718027606,0.5281972394,0.151297,0.848703,0.02289078221,0.2568124356,0.7202967822,0.2797032178,0.148935,0.851065,0.02218163423,0.2535067316,0.7243116342,0.2756883658,,,,https://www.ncbi.nlm.nih.gov/snp/rs1801131,,,,,,,,,,,,,https://rest.ensembl.org/variation/human/rs1801131?pops=1,sin_frecuencia_para_este_alelo_en_poblaciones_objetivo,"{""tiene_primary_snapshot_data"": true, ""n_allele_annotations"": 4, ""estudios_detectados"": [""ExAC"", ""Chileans"", ""FINRISK"", ""dbGaP_PopFreq"", ""1000Genomes_30X"", ""GnomAD_genomes"", ""GnomAD_exomes"", ""GoNL"", ""ALSPAC"", ""PRJEB36033"", ""Qatari"", ""SGDP_PRJ""], ""poblaciones_ejemplo"": [""ALL""], ""n_estudios"": 28, ""n_poblaciones"": 1}"
rs2228570,VDR,9,Riesgo,FokI crea proteína más corta; Δ 25-OH-D ~ −6 ng/mL; meta-análisis OR ≈ 1.45 deficiencia.,5,Nutrigenómica y micronutrientes,A/C/G/T,A,"C,G,T",GRCh38,Ensembl,C/G/T,C,G,T,G,0.671526,G,0.622266,G,0.517291,G,0.509233,G,0.515625,0.671526,0.328474,0.4509471687,0.4411576626,0.1078951687,0.8921048313,0.622266,0.377734,0.3872149748,0.4701020505,0.1426829748,0.8573170252,0.517291,0.482709,0.2675899787,0.4994020426,0.2330079787,0.7669920213,0.509233,0.490767,0.2593182483,0.4998295034,0.2408522483,0.7591477517,1.44,1.22–1.70,9085221,https://www.ncbi.nlm.nih.gov/snp/rs2228570,,,,,,,,,,,,,https://rest.ensembl.org/variation/human/rs2228570?pops=1,sin_frecuencia_para_este_alelo_en_poblaciones_objetivo,"{""tiene_primary_snapshot_data"": true, ""n_allele_annotations"": 4, ""estudios_detectados"": [""ExAC"", ""FINRISK"", ""dbGaP_PopFreq"", ""1000Genomes_30X"", ""GnomAD_genomes"", ""GnomAD_exomes"", ""ALSPAC"", ""PRJEB37766"", ""Qatari"", ""SGDP_PRJ"", ""PharmGKB"", ""PAGE_STUDY""], ""poblaciones_ejemplo"": [""ALL""], ""n_estudios"": 26, ""n_poblaciones"": 1}"
rs1544410,VDR,6,Riesgo,BsmI asociado a niveles bajos; β ≈ −4 ng/mL; evidencia moderada.,5,Nutrigenómica y micronutrientes,C/A/G/T,C,"A,G,T",GRCh38,Ensembl,A/G/T,A,G,T,T,0.295927,T,0.403579,T,0.256484,T,0.244374,T,0.195312,0.295927,0.704073,0.08757278933,0.4167084213,0.4957187893,0.5042812107,0.403579,0.596421,0.1628760092,0.4814059815,0.3557180092,0.6442819908,0.256484,0.743516,0.06578404226,0.3813999155,0.5528160423,0.4471839577,0.244374,0.755626,0.05971865188,0.3693106962,0.5709706519,0.4290293481,,,,https://www.ncbi.nlm.nih.gov/snp/rs1544410,,6.547e-05,,,6.547e-05,,6.547e-05,0.99993453,4.2863209e-09,0.0001309314273582,0.999869064286321,0.00013093571367917,https://rest.ensembl.org/variation/human/rs1544410?pops=1,ok,"{""tiene_primary_snapshot_data"": true, ""n_allele_annotations"": 4, ""estudios_detectados"": [""Korea1K"", ""Chileans"", ""dbGaP_PopFreq"", ""1000Genomes_30X"", ""GoNL"", ""PRJEB36033"", ""HGDP_Stanford"", ""Qatari"", ""SGDP_PRJ"", ""PharmGKB"", ""PAGE_STUDY"", ""TWINSUK""], ""poblaciones_ejemplo"": [""ALL""], ""n_estudios"": 25, ""n_poblaciones"": 1}"
rs7041,GC,9,Riesgo,Asp416Glu reduce afinidad DBP→ 25-OH-D ↓ 15 %; frecuente (G ≈ 0.35).,5,Nutrigenómica y micronutrientes,A/C/G/T,A,"C,G,T",GRCh38,Ensembl,C/G/T,C,G,T,C,0.381589,C,0.583499,C,0.537464,C,0.530797,C,0.453125,0.381589,0.618411,0.1456101649,0.4719576702,0.3824321649,0.6175678351,0.583499,0.416501,0.340471083,0.486055834,0.173473083,0.826526917,0.537464,0.462536,0.2888675513,0.4971928974,0.2139395513,0.7860604487,0.530797,0.469203,0.2817454552,0.4981030896,0.2201514552,0.7798485448,,,,https://www.ncbi.nlm.nih.gov/snp/rs7041,,,,,,,,,,,,,https://rest.ensembl.org/variation/human/rs7041?pops=1,sin_frecuencia_para_este_alelo_en_poblaciones_objetivo,"{""tiene_primary_snapshot_data"": true, ""n_allele_annotations"": 4, ""estudios_detectados"": [""ExAC"", ""FINRISK"", ""dbGaP_PopFreq"", ""1000Genomes_30X"", ""GnomAD_genomes"", ""GoNL"", ""PRJEB36033"", ""HGDP_Stanford"", ""Qatari"", ""SGDP_PRJ"", ""PAGE_STUDY"", ""TWINSUK""], ""poblaciones_ejemplo"": [""ALL""], ""n_estudios"": 27, ""n_poblaciones"": 1}"
rs9606756,TCN2,5,Riesgo,Intrón 1 SNP afecta expresión; Δ B12 sérica ~ −30 pg/mL.,5,Nutrigenómica y micronutrientes,A/G,A,G,GRCh38,Ensembl,G,G,,,G,0.113019,G,0.11332,G,0.195965,G,0.19702,G,0.15625,0.113019,0.886981,0.01277329436,0.2004914113,0.7867352944,0.2132647056,0.11332,0.88668,0.0128414224,0.2009571552,0.7862014224,0.2137985776,0.195965,0.804035,0.03840228123,0.3151254375,0.6464722812,0.3535277188,0.19702,0.80298,0.0388168804,0.3164062392,0.6447768804,0.3552231196,,,,https://www.ncbi.nlm.nih.gov/snp/rs9606756,0.15625,0.1632,0.166358424264842,0.15625,0.1632,0.166358424264842,0.166358424264842,0.833641575735158,0.0276751253238811,0.277366597881922,0.694958276794197,0.305041723205803,https://rest.ensembl.org/variation/human/rs9606756?pops=1,ok,"{""tiene_primary_snapshot_data"": true, ""n_allele_annotations"": 2, ""estudios_detectados"": [""ExAC"", ""Korea1K"", ""Chileans"", ""FINRISK"", ""dbGaP_PopFreq"", ""1000Genomes_30X"", ""GnomAD_genomes"", ""GnomAD_exomes"", ""GoNL"", ""ALSPAC"", ""PRJEB36033"", ""HGDP_Stanford""], ""poblaciones_ejemplo"": [""ALL""], ""n_estudios"": 30, ""n_poblaciones"": 1}"
rs1801198,TCN2,7,Riesgo,Pro259Arg ↓ afinidad a receptor; OR ≈ 1.25 deficiencia.,5,Nutrigenómica y micronutrientes,G/A/C,G,"A,C",GRCh38,Ensembl,A/C,A,C,,C,0.579673,C,0.571571,C,0.644092,C,0.64965,C,0.648438,0.579673,0.420327,0.3360207869,0.4873044261,0.1766747869,0.8233252131,0.571571,0.428429,0.326693408,0.4897551839,0.183551408,0.816448592,0.644092,0.355908,0.4148545045,0.4584749911,0.1266705045,0.8733294955,0.64965,0.35035,0.4220451225,0.455209755,0.1227451225,0.8772548775,,,,https://www.ncbi.nlm.nih.gov/snp/rs1801198,0.6484375,0.663,0.562222222222222,0.6484375,0.663,0.562222222222222,0.562222222222222,0.437777777777778,0.316093827160494,0.492256790123457,0.191649382716049,0.808350617283951,https://rest.ensembl.org/variation/human/rs1801198?pops=1,ok,"{""tiene_primary_snapshot_data"": true, ""n_allele_annotations"": 4, ""estudios_detectados"": [""Korea1K"", ""FINRISK"", ""dbGaP_PopFreq"", ""1000Genomes_30X"", ""GoNL"", ""Qatari"", ""SGDP_PRJ"", ""TWINSUK"", ""PRJEB37584"", ""Siberian"", ""Vietnamese"", ""GENOME_DK""], ""poblaciones_ejemplo"": [""ALL""], ""n_estudios"": 21, ""n_poblaciones"": 1}"
rs1799883,FABP2,6,Riesgo,Ala54Thr ↑ TG postprandial + 20 %; interactúa con dieta grasa.,5,Nutrigenómica y micronutrientes,T/A/C/G,T,"A,C,G",GRCh38,Ensembl,A/C/G,A,C,G,C,0.746605,C,0.73161,C,0.769452,C,0.766387,C,0.71875,0.746605,0.253395,0.557419026,0.378371948,0.06420902603,0.935790974,0.73161,0.26839,0.5352531921,0.3927136158,0.0720331921,0.9279668079,0.769452,0.230548,0.5920563803,0.3547912394,0.0531523803,0.9468476197,0.766387,0.233613,0.5873490338,0.3580759325,0.05457503377,0.9454249662,,,,https://www.ncbi.nlm.nih.gov/snp/rs1799883,,,,,,,,,,,,,https://rest.ensembl.org/variation/human/rs1799883?pops=1,sin_frecuencia_para_este_alelo_en_poblaciones_objetivo,"{""tiene_primary_snapshot_data"": true, ""n_allele_annotations"": 4, ""estudios_detectados"": [""ExAC"", ""FINRISK"", ""dbGaP_PopFreq"", ""1000Genomes_30X"", ""GnomAD_genomes"", ""GnomAD_exomes"", ""GoNL"", ""Qatari"", ""SGDP_PRJ"", ""PAGE_STUDY"", ""TWINSUK"", ""TOMMO""], ""poblaciones_ejemplo"": [""ALL""], ""n_estudios"": 24, ""n_poblaciones"": 1}"
rs2070424,SOD1,4,Riesgo,Promotor −251A>G modula expresión; evidencia moderada en estrés oxidativo.,5,Nutrigenómica y micronutrientes,A/C/G/T,A,"C,G,T",GRCh38,Ensembl,C/G/T,C,G,T,G,0.248403,G,0.0745527,G,0.227666,G,0.241935,G,0.328125,0.248403,0.751597,0.06170405041,0.3733978992,0.5648980504,0.4351019496,0.0745527,0.9254473,0.005558105077,0.1379891898,0.8564527051,0.1435472949,0.227666,0.772334,0.05183180756,0.3516683849,0.5964998076,0.4035001924,0.241935,0.758065,0.05853254423,0.3668049116,0.5746625442,0.4253374558,,,,https://www.ncbi.nlm.nih.gov/snp/rs2070424,0.328125,0.272,0.307272204656511,0.328125,0.272,0.307272204656511,0.307272204656511,0.69272779534349,0.0944162077544725,0.425711993804076,0.479871798441451,0.520128201558549,https://rest.ensembl.org/variation/human/rs2070424?pops=1,ok,"{""tiene_primary_snapshot_data"": true, ""n_allele_annotations"": 4, ""estudios_detectados"": [""dbGaP_PopFreq"", ""1000Genomes_30X"", ""GnomAD_genomes"", ""GoNL"", ""Qatari"", ""SGDP_PRJ"", ""TWINSUK"", ""TOMMO"", ""PRJEB37584"", ""Siberian"", ""GENOME_DK"", ""NorthernSweden""], ""poblaciones_ejemplo"": [""ALL""], ""n_estudios"": 19, ""n_poblaciones"": 1}"
rs4880,SOD2,8,Riesgo,Val16Ala cambia importación mitocondrial; personas Ala/Ala presentan ↑ marcadores oxidativos.,5,Nutrigenómica y micronutrientes,A/G,A,G,GRCh38,Ensembl,G,G,,,G,0.410743,G,0.466203,G,0.583573,G,0.592185,G,0.648438,0.410743,0.589257,0.168709812,0.4840663759,0.347223812,0.652776188,0.466203,0.533797,0.2173452372,0.4977155256,0.2849392372,0.7150607628,0.583573,0.416427,0.3405574463,0.4860311073,0.1734114463,0.8265885537,0.592185,0.407815,0.3506830742,0.4830038516,0.1663130742,0.8336869258,,,,https://www.ncbi.nlm.nih.gov/snp/rs4880,,,,,,,,,,,,,https://rest.ensembl.org/variation/human/rs4880?pops=1,sin_frecuencia_para_este_alelo_en_poblaciones_objetivo,"{""tiene_primary_snapshot_data"": true, ""n_allele_annotations"": 4, ""estudios_detectados"": [""ExAC"", ""Korea1K"", ""FINRISK"", ""dbGaP_PopFreq"", ""1000Genomes_30X"", ""GnomAD_genomes"", ""GnomAD_exomes"", ""GoNL"", ""Qatari"", ""SGDP_PRJ"", ""PAGE_STUDY"", ""TWINSUK""], ""poblaciones_ejemplo"": [""ALL""], ""n_estudios"": 26, ""n_poblaciones"": 1}"
rs11121704,MTOR,4,Riesgo,SNP intrónico asociado a fosforilación p70-S6K tras ingesta proteica; evidencia emergente.,5,Nutrigenómica y micronutrientes,C/A/T,C,"A,T",GRCh38,Ensembl,A/T,A,T,,T,0.700879,T,0.723658,T,0.814121,T,0.818149,T,0.8125,0.700879,0.299121,0.4912313726,0.4192952547,0.08947337264,0.9105266274,0.723658,0.276342,0.523680901,0.3999541981,0.07636490096,0.923635099,0.814121,0.185879,0.6627930026,0.3026559947,0.03455100264,0.9654489974,0.818149,0.181851,0.6693677862,0.2975624276,0.0330697862,0.9669302138,,,,https://www.ncbi.nlm.nih.gov/snp/rs11121704,0.8125,0.781,0.816596194503171,0.8125,0.781,0.816596194503171,0.816596194503171,0.183403805496829,0.666829344877061,0.29953369925222,0.0336369558707186,0.966363044129281,https://rest.ensembl.org/variation/human/rs11121704?pops=1,ok,"{""tiene_primary_snapshot_data"": true, ""n_allele_annotations"": 3, ""estudios_detectados"": [""Korea1K"", ""dbGaP_PopFreq"", ""1000Genomes_30X"", ""GnomAD_genomes"", ""GoNL"", ""PRJEB36033"", ""HGDP_Stanford"", ""Qatari"", ""SGDP_PRJ"", ""TWINSUK"", ""TOMMO"", ""Siberian""], ""poblaciones_ejemplo"": [""ALL""], ""n_estudios"": 22, ""n_poblaciones"": 1}"
rs1799854,ABCC8,10,Riesgo,"Clopidogrel, omeprazol, voriconazol",6,Respuesta a medicamentos,G/A/C,G,"A,C",GRCh38,Ensembl,A/C,A,C,,A,0.368411,A,0.420477,A,0.536023,A,0.545774,A,0.578125,0.368411,0.631589,0.1357266649,0.4653686702,0.3989046649,0.6010953351,0.420477,0.579523,0.1768009075,0.4873521849,0.3358469075,0.6641530925,0.536023,0.463977,0.2873206565,0.4974046869,0.2152746565,0.7847253435,0.545774,0.454226,0.2978692591,0.4958094818,0.2063212591,0.7936787409,1.15,1.05–1.26,11779411,https://www.ncbi.nlm.nih.gov/snp/rs1799854,,,,,,,,,,,,,https://rest.ensembl.org/variation/human/rs1799854?pops=1,sin_frecuencia_para_este_alelo_en_poblaciones_objetivo,"{""tiene_primary_snapshot_data"": true, ""n_allele_annotations"": 4, ""estudios_detectados"": [""ExAC"", ""Korea1K"", ""FINRISK"", ""dbGaP_PopFreq"", ""1000Genomes_30X"", ""GnomAD_genomes"", ""GnomAD_exomes"", ""GoNL"", ""ALSPAC"", ""PRJEB36033"", ""HGDP_Stanford"", ""Qatari""], ""poblaciones_ejemplo"": [""ALL""], ""n_estudios"": 28, ""n_poblaciones"": 1}"
rs5219,KCNJ11,10,Riesgo,Id.,6,Respuesta a medicamentos,T/A/C/G,T,"A,C,G",GRCh38,Ensembl,A/C/G,A,C,G,C,0.737021,C,0.647117,C,0.707493,C,0.697708,C,0.59375,0.737021,0.262979,0.5431999544,0.3876420911,0.06915795444,0.9308420456,0.647117,0.352883,0.4187604117,0.4567131766,0.1245264117,0.8754735883,0.707493,0.292507,0.500546345,0.4138933099,0.08556034505,0.914439655,0.697708,0.302292,0.4867964533,0.4218230935,0.09138045326,0.9086195467,1.17,1.12–1.22,14734072,https://www.ncbi.nlm.nih.gov/snp/rs5219,,,,,,,,,,,,,https://rest.ensembl.org/variation/human/rs5219?pops=1,sin_frecuencia_para_este_alelo_en_poblaciones_objetivo,"{""tiene_primary_snapshot_data"": true, ""n_allele_annotations"": 4, ""estudios_detectados"": [""ExAC"", ""Korea1K"", ""FINRISK"", ""dbGaP_PopFreq"", ""1000Genomes_30X"", ""GnomAD_genomes"", ""GnomAD_exomes"", ""GoNL"", ""PRJEB36033"", ""Qatari"", ""SGDP_PRJ"", ""PAGE_STUDY""], ""poblaciones_ejemplo"": [""ALL""], ""n_estudios"": 25, ""n_poblaciones"": 1}"
rs4244285,CYP2C19,5,Riesgo,Id.,6,Respuesta a medicamentos,G/A/C/T,G,"A,C,T",GRCh38,Ensembl,A/C/T,A,C,T,A,0.221446,A,0.145129,A,0.105187,A,0.105004,A,0.125,0.221446,0.778554,0.04903833092,0.3448153382,0.6061463309,0.3938536691,0.145129,0.854871,0.02106242664,0.2481331467,0.7308044266,0.2691955734,0.105187,0.894813,0.01106430497,0.1882453901,0.800690305,0.199309695,0.105004,0.894996,0.01102584002,0.18795632,0.80101784,0.19898216,,,,https://www.ncbi.nlm.nih.gov/snp/rs4244285,0.125,0.1039,0.117801702553831,0.125,0.1039,0.117801702553831,0.117801702553831,0.882198297446169,0.0138772411245812,0.207848922858499,0.77827383601692,0.22172616398308,https://rest.ensembl.org/variation/human/rs4244285?pops=1,ok,"{""tiene_primary_snapshot_data"": true, ""n_allele_annotations"": 4, ""estudios_detectados"": [""ExAC"", ""Korea1K"", ""FINRISK"", ""dbGaP_PopFreq"", ""1000Genomes_30X"", ""GnomAD_genomes"", ""GnomAD_exomes"", ""GoNL"", ""ALSPAC"", ""PRJEB37766"", ""Qatari"", ""SGDP_PRJ""], ""poblaciones_ejemplo"": [""ALL""], ""n_estudios"": 29, ""n_poblaciones"": 1}"
rs4986893,CYP2C19,8,Riesgo,"Warfarina, AINE, tolbutamida",6,Respuesta a medicamentos,G/A,G,A,GRCh38,Ensembl,A,A,,,A,0.0141773,,,,,,,,,0.0141773,0.9858227,0.0002009958353,0.02795260833,0.9718463958,0.02815360416,,,,,,,,,,,,,,,,,,,,,,https://www.ncbi.nlm.nih.gov/snp/rs4986893,,0.0001791,0.000709219858156028,,0.0001791,0.000709219858156028,0.000709219858156028,0.999290780141844,5.02992807202857e-07,0.00141743373069765,0.998582063276495,0.00141793672350476,https://rest.ensembl.org/variation/human/rs4986893?pops=1,ok,"{""tiene_primary_snapshot_data"": true, ""n_allele_annotations"": 3, ""estudios_detectados"": [""ExAC"", ""Korea1K"", ""dbGaP_PopFreq"", ""1000Genomes_30X"", ""GnomAD_genomes"", ""PRJEB37766"", ""Qatari"", ""SGDP_PRJ"", ""PharmGKB"", ""PAGE_STUDY"", ""TWINSUK"", ""TOMMO""], ""poblaciones_ejemplo"": [""ALL""], ""n_estudios"": 21, ""n_poblaciones"": 1}"
rs12248560,CYP2C19,8,Riesgo,Id.,6,Respuesta a medicamentos,C/A/T,C,"A,T",GRCh38,Ensembl,A/T,A,T,,T,0.153155,T,0.223658,T,0.119597,T,0.115977,T,0.117188,0.153155,0.846845,0.02345645403,0.2593970919,0.717146454,0.282853546,0.223658,0.776342,0.05002290096,0.3472701981,0.602706901,0.397293099,0.119597,0.880403,0.01430344241,0.2105871152,0.7751094424,0.2248905576,0.115977,0.884023,0.01345066453,0.2050526709,0.7814966645,0.2185033355,,,,https://www.ncbi.nlm.nih.gov/snp/rs12248560,0.1171875,0.133,0.115079365079365,0.1171875,0.133,0.115079365079365,0.115079365079365,0.884920634920635,0.0132432602670698,0.203672209624591,0.78308453010834,0.21691546989166,https://rest.ensembl.org/variation/human/rs12248560?pops=1,ok,"{""tiene_primary_snapshot_data"": true, ""n_allele_annotations"": 3, ""estudios_detectados"": [""Korea1K"", ""dbGaP_PopFreq"", ""1000Genomes_30X"", ""GnomAD_genomes"", ""GoNL"", ""Qatari"", ""SGDP_PRJ"", ""TWINSUK"", ""TOMMO"", ""PRJEB37584"", ""Siberian"", ""Vietnamese""], ""poblaciones_ejemplo"": [""ALL""], ""n_estudios"": 21, ""n_poblaciones"": 1}"
rs1799853,CYP2C9,15,Riesgo,Warfarina (diana),6,Respuesta a medicamentos,C/A/T,C,"A,T",GRCh38,Ensembl,A/T,A,T,,T,0.0479233,T,0.124254,T,0.0994236,T,0.0967139,T,0.101562,0.0479233,0.9520767,0.002296642683,0.09125331463,0.9064500427,0.09354995732,0.124254,0.875746,0.01543905652,0.217629887,0.7669310565,0.2330689435,0.0994236,0.9005764,0.009885052237,0.1790770955,0.8110378522,0.1889621478,0.0967139,0.9032861,0.009353578453,0.1747206431,0.8159257785,0.1840742215,,,,https://www.ncbi.nlm.nih.gov/snp/rs1799853,0.1015625,0.0722,0.097452934662237,0.1015625,0.0722,0.097452934662237,0.097452934662237,0.902547065337763,0.00949707447428223,0.17591172037591,0.814591205149808,0.185408794850192,https://rest.ensembl.org/variation/human/rs1799853?pops=1,ok,"{""tiene_primary_snapshot_data"": true, ""n_allele_annotations"": 3, ""estudios_detectados"": [""ExAC"", ""FINRISK"", ""dbGaP_PopFreq"", ""1000Genomes_30X"", ""GnomAD_genomes"", ""GnomAD_exomes"", ""GoNL"", ""PRJEB36033"", ""Qatari"", ""SGDP_PRJ"", ""PharmGKB"", ""TWINSUK""], ""poblaciones_ejemplo"": [""ALL""], ""n_estudios"": 24, ""n_poblaciones"": 1}"
rs1057910,CYP2C9,13,Riesgo,Estatinas (simvastatina),6,Respuesta a medicamentos,A/C/G,A,"C,G",GRCh38,Ensembl,C/G,C,G,,C,0.0485224,C,0.0725646,C,0.037464,C,0.0355753,C,0.0234375,0.0485224,0.9514776,0.002354423302,0.0923359534,0.9053096233,0.0946903767,0.0725646,0.9274354,0.005265621173,0.1345979577,0.8601364212,0.1398635788,0.037464,0.962536,0.001403551296,0.07212089741,0.9264755513,0.0735244487,0.0355753,0.9644247,0.00126560197,0.06861939606,0.930115002,0.06988499803,,,,https://www.ncbi.nlm.nih.gov/snp/rs1057910,0.0234375,0.03956,0.0423156038789304,0.0234375,0.03956,0.0423156038789304,0.0423156038789304,0.95768439612107,0.00179061033163855,0.0810499870945836,0.917159402573778,0.0828405974262221,https://rest.ensembl.org/variation/human/rs1057910?pops=1,ok,"{""tiene_primary_snapshot_data"": true, ""n_allele_annotations"": 3, ""estudios_detectados"": [""ExAC"", ""Korea1K"", ""FINRISK"", ""dbGaP_PopFreq"", ""1000Genomes_30X"", ""GoNL"", ""PRJEB36033"", ""HGDP_Stanford"", ""Qatari"", ""SGDP_PRJ"", ""PharmGKB"", ""TWINSUK""], ""poblaciones_ejemplo"": [""ALL""], ""n_estudios"": 25, ""n_poblaciones"": 1}"
rs2740574,CYP3A4,7,Riesgo,"Rosuvastatina, alopurinol",6,Respuesta a medicamentos,C/A/G/T,C,"A,G,T",GRCh38,Ensembl,A/G/T,A,G,T,T,0.769169,T,0.972167,T,0.894813,T,0.901457,T,0.929688,0.769169,0.230831,0.5916209506,0.3550960989,0.05328295056,0.9467170494,0.972167,0.027833,0.9451086759,0.05411664822,0.000774675889,0.9992253241,0.894813,0.105187,0.800690305,0.1882453901,0.01106430497,0.988935695,0.901457,0.098543,0.8126247228,0.1776645543,0.009710722849,0.9902892772,,,,https://www.ncbi.nlm.nih.gov/snp/rs2740574,,,,,,,,,,,,,https://rest.ensembl.org/variation/human/rs2740574?pops=1,sin_frecuencia_para_este_alelo_en_poblaciones_objetivo,"{""tiene_primary_snapshot_data"": true, ""n_allele_annotations"": 4, ""estudios_detectados"": [""Korea1K"", ""dbGaP_PopFreq"", ""1000Genomes_30X"", ""GnomAD_genomes"", ""GoNL"", ""Qatari"", ""SGDP_PRJ"", ""PharmGKB"", ""PAGE_STUDY"", ""TWINSUK"", ""TOMMO"", ""PRJEB37584""], ""poblaciones_ejemplo"": [""ALL""], ""n_estudios"": 20, ""n_poblaciones"": 1}"
rs762551,CYP1A2,5,Riesgo,Sulfonilureas,6,Respuesta a medicamentos,C/A/G,C,"A,G",GRCh38,Ensembl,A/G,A,G,,A,0.629792,A,0.67992,A,0.757925,A,0.759964,A,0.734375,0.629792,0.370208,0.3966379633,0.4663080735,0.1370539633,0.8629460367,0.67992,0.32008,0.4622912064,0.4352575872,0.1024512064,0.8975487936,0.757925,0.242075,0.5744503056,0.3669493888,0.05860030563,0.9413996944,0.759964,0.240036,0.5775452813,0.3648374374,0.0576172813,0.9423827187,,,,https://www.ncbi.nlm.nih.gov/snp/rs762551,0.265625,0.2939,0.317721518987342,0.265625,0.2939,0.317721518987342,0.317721518987342,0.682278481012658,0.100946963627624,0.433549110719436,0.46550392565294,0.53449607434706,https://rest.ensembl.org/variation/human/rs762551?pops=1,ok,"{""tiene_primary_snapshot_data"": true, ""n_allele_annotations"": 3, ""estudios_detectados"": [""Korea1K"", ""dbGaP_PopFreq"", ""1000Genomes_30X"", ""GnomAD_genomes"", ""GoNL"", ""PRJEB36033"", ""Qatari"", ""SGDP_PRJ"", ""PAGE_STUDY"", ""TWINSUK"", ""TOMMO"", ""PRJEB37584""], ""poblaciones_ejemplo"": [""ALL""], ""n_estudios"": 23, ""n_poblaciones"": 1}"
rs4149056,SLCO1B1,5,Riesgo,Sulfonilureas,6,Respuesta a medicamentos,T/A/C,T,"A,C",GRCh38,Ensembl,A/C,A,C,,C,0.0876597,C,0.161034,C,0.134006,C,0.130086,C,0.078125,0.0876597,0.9123403,0.007684223004,0.159950954,0.832364823,0.167635177,0.161034,0.838966,0.02593194916,0.2702041017,0.7038639492,0.2961360508,0.134006,0.865994,0.01795760804,0.2320967839,0.749945608,0.250054392,0.130086,0.869914,0.0169223674,0.2263272652,0.7567503674,0.2432496326,,,,https://www.ncbi.nlm.nih.gov/snp/rs4149056,0.078125,0.1204,0.124325885978428,0.078125,0.1204,0.124325885978428,0.124325885978428,0.875674114021572,0.0154569259243212,0.217737920108214,0.766805153967465,0.233194846032535,https://rest.ensembl.org/variation/human/rs4149056?pops=1,ok,"{""tiene_primary_snapshot_data"": true, ""n_allele_annotations"": 3, ""estudios_detectados"": [""ExAC"", ""Chileans"", ""GoESP"", ""FINRISK"", ""dbGaP_PopFreq"", ""1000Genomes_30X"", ""GnomAD_genomes"", ""GnomAD_exomes"", ""GoNL"", ""PRJEB36033"", ""PRJEB37766"", ""Qatari""], ""poblaciones_ejemplo"": [""ALL""], ""n_estudios"": 30, ""n_poblaciones"": 1}"
rs9923231,VKORC1,5,Riesgo,"Tacrolimus, simvastatina",6,Respuesta a medicamentos,C/A/G/T,C,"A,G,T",GRCh38,Ensembl,A/G/T,A,G,T,T,0.355631,T,0.387674,T,0.410663,T,0.415185,T,0.46875,0.355631,0.644369,0.1264734082,0.4583151837,0.4152114082,0.5847885918,0.387674,0.612326,0.1502911303,0.4747657394,0.3749431303,0.6250568697,0.410663,0.589337,0.1686440996,0.4840378009,0.3473180996,0.6526819004,0.415185,0.584815,0.1723785842,0.4856128316,0.3420085842,0.6579914158,,,,https://www.ncbi.nlm.nih.gov/snp/rs9923231,0.46875,0.3914,0.428978007761966,0.46875,0.3914,0.428978007761966,0.428978007761966,0.571021992238034,0.184022131143426,0.489911753237081,0.326066115619493,0.673933884380507,https://rest.ensembl.org/variation/human/rs9923231?pops=1,ok,"{""tiene_primary_snapshot_data"": true, ""n_allele_annotations"": 4, ""estudios_detectados"": [""dbGaP_PopFreq"", ""1000Genomes_30X"", ""GnomAD_genomes"", ""GoNL"", ""Qatari"", ""SGDP_PRJ"", ""TWINSUK"", ""PRJEB37584"", ""Siberian"", ""Vietnamese"", ""GENOME_DK"", ""NorthernSweden""], ""poblaciones_ejemplo"": [""ALL""], ""n_estudios"": 19, ""n_poblaciones"": 1}"
rs2231142,ABCG2,5,Riesgo,"Cafeína, clozapina",6,Respuesta a medicamentos,G/A/C/T,G,"A,C,T",GRCh38,Ensembl,A/C/T,A,C,T,T,0.119409,T,0.0944334,T,0.14121,T,0.147233,T,0.203125,0.119409,0.880591,0.01425850928,0.2103009814,0.7754405093,0.2245594907,0.0944334,0.9055666,0.008917667036,0.1710314659,0.820050867,0.179949133,0.14121,0.85879,0.0199402641,0.2425394718,0.7375202641,0.2624797359,0.147233,0.852767,0.02167755629,0.2511108874,0.7272115563,0.2727884437,,,,https://www.ncbi.nlm.nih.gov/snp/rs2231142,0.203125,0.2146,0.098013816925734,0.203125,0.2146,0.098013816925734,0.098013816925734,0.901986183074266,0.00960670830835131,0.176814217234765,0.813579074456883,0.186420925543117,https://rest.ensembl.org/variation/human/rs2231142?pops=1,ok,"{""tiene_primary_snapshot_data"": true, ""n_allele_annotations"": 4, ""estudios_detectados"": [""ExAC"", ""Korea1K"", ""GoESP"", ""FINRISK"", ""dbGaP_PopFreq"", ""1000Genomes_30X"", ""GnomAD_exomes"", ""GoNL"", ""PRJEB36033"", ""HGDP_Stanford"", ""PRJEB37766"", ""Qatari""], ""poblaciones_ejemplo"": [""ALL""], ""n_estudios"": 31, ""n_poblaciones"": 1}"
rs6923761,GLP1R,4,Riesgo,Agonistas GLP-1 (liraglutida),6,Respuesta a medicamentos,G/A/C,G,"A,C",GRCh38,Ensembl,A/C,A,C,,A,0.120807,A,0.333002,A,0.172911,A,0.166766,A,0.148438,0.120807,0.879193,0.01459433125,0.2124253375,0.7729803312,0.2270196688,0.333002,0.666998,0.110890332,0.444223336,0.444886332,0.555113668,0.172911,0.827089,0.02989821392,0.2860255722,0.6840762139,0.3159237861,0.166766,0.833234,0.02781089876,0.2779102025,0.6942788988,0.3057211012,,,,https://www.ncbi.nlm.nih.gov/snp/rs6923761,0.1484375,0.1414,0.15705368289638,0.1484375,0.1414,0.15705368289638,0.15705368289638,0.84294631710362,0.0246658593113165,0.264775647170126,0.710558493518558,0.289441506481443,https://rest.ensembl.org/variation/human/rs6923761?pops=1,ok,"{""tiene_primary_snapshot_data"": true, ""n_allele_annotations"": 3, ""estudios_detectados"": [""Korea1K"", ""GoESP"", ""FINRISK"", ""dbGaP_PopFreq"", ""1000Genomes_30X"", ""GoNL"", ""PRJEB36033"", ""HGDP_Stanford"", ""Qatari"", ""SGDP_PRJ"", ""PAGE_STUDY"", ""TWINSUK""], ""poblaciones_ejemplo"": [""ALL""], ""n_estudios"": 25, ""n_poblaciones"": 1}"
rs4680,COMT,22,Riesgo,,7,Tendencias y bienestar,G/A,G,A,GRCh38,Ensembl,A,A,,,A,0.369209,A,0.5,A,0.377522,A,0.37803,A,0.398438,0.369209,0.630791,0.1363152857,0.4657874286,0.3978972857,0.6021027143,0.5,0.5,0.25,0.5,0.25,0.75,0.377522,0.622478,0.1425228605,0.469998279,0.3874788605,0.6125211395,0.37803,0.62197,0.1429066809,0.4702466382,0.3868466809,0.6131533191,,,,https://www.ncbi.nlm.nih.gov/snp/rs4680,0.3984375,0.4084,0.417173560421736,0.3984375,0.4084,0.417173560421736,0.417173560421736,0.582826439578264,0.174033779514947,0.486279561813576,0.339686658671476,0.660313341328524,https://rest.ensembl.org/variation/human/rs4680?pops=1,ok,"{""tiene_primary_snapshot_data"": true, ""n_allele_annotations"": 2, ""estudios_detectados"": [""ExAC"", ""Korea1K"", ""FINRISK"", ""dbGaP_PopFreq"", ""1000Genomes_30X"", ""GnomAD_genomes"", ""GnomAD_exomes"", ""GoNL"", ""PRJEB36033"", ""HGDP_Stanford"", ""PRJEB37766"", ""Qatari""], ""poblaciones_ejemplo"": [""ALL""], ""n_estudios"": 30, ""n_poblaciones"": 1}"
rs1805007,MC1R,12,Riesgo,,7,Tendencias y bienestar,C/A/G/T,C,"A,G,T",GRCh38,Ensembl,A/G/T,A,G,T,T,0.0185703,T,0.0715706,T,0.0158501,T,0.0147525,T,0.0078125,0.0185703,0.9814297,0.0003448560421,0.03645088792,0.963204256,0.03679574396,0.0715706,0.9284294,0.005122350784,0.1328964984,0.8619811508,0.1380188492,0.0158501,0.9841499,0.00025122567,0.03119774866,0.9685510257,0.03144897433,0.0147525,0.9852475,0.0002176362563,0.02906972749,0.9707126363,0.02928736374,,,,https://www.ncbi.nlm.nih.gov/snp/rs1805007,0.0078125,0.01118,0.0127986348122867,0.0078125,0.01118,0.0127986348122867,0.0127986348122867,0.987201365187713,0.000163805053058277,0.0252696595184568,0.974566535428485,0.0254334645715152,https://rest.ensembl.org/variation/human/rs1805007?pops=1,ok,"{""tiene_primary_snapshot_data"": true, ""n_allele_annotations"": 4, ""estudios_detectados"": [""ExAC"", ""Korea1K"", ""Chileans"", ""FINRISK"", ""dbGaP_PopFreq"", ""1000Genomes_30X"", ""GnomAD_genomes"", ""GnomAD_exomes"", ""GoNL"", ""PRJEB36033"", ""Qatari"", ""SGDP_PRJ""], ""poblaciones_ejemplo"": [""ALL""], ""n_estudios"": 26, ""n_poblaciones"": 1}"
rs2802292,FOXO3A,17,Riesgo,,7,Tendencias y bienestar,G/T,G,T,GRCh38,Ensembl,T,T,,,T,0.46885,T,0.5666,T,0.60951,T,0.611361,T,0.59375,0.46885,0.53115,0.2198203225,0.498059355,0.2821203225,0.7178796775,0.5666,0.4334,0.32103556,0.49112888,0.18783556,0.81216444,0.60951,0.39049,0.3715024401,0.4760151198,0.1524824401,0.8475175599,0.611361,0.388639,0.3737622723,0.4751974554,0.1510402723,0.8489597277,,,,https://www.ncbi.nlm.nih.gov/snp/rs2802292,0.40625,0.4139,0.416728076639646,0.40625,0.4139,0.416728076639646,0.416728076639646,0.583271923360354,0.173662289859779,0.486131573559735,0.340206136580486,0.659793863419514,https://rest.ensembl.org/variation/human/rs2802292?pops=1,ok,"{""tiene_primary_snapshot_data"": true, ""n_allele_annotations"": 2, ""estudios_detectados"": [""Korea1K"", ""dbGaP_PopFreq"", ""1000Genomes_30X"", ""GnomAD_genomes"", ""GoNL"", ""Qatari"", ""SGDP_PRJ"", ""TWINSUK"", ""TOMMO"", ""PRJEB37584"", ""Siberian"", ""Vietnamese""], ""poblaciones_ejemplo"": [""ALL""], ""n_estudios"": 21, ""n_poblaciones"": 1}"
rs1360780,FKBP5,15,Riesgo,,7,Tendencias y bienestar,T/A/C,T,"A,C",GRCh38,Ensembl,A/C,A,C,,C,0.672724,C,0.693837,C,0.711816,C,0.718948,C,0.78125,0.672724,0.327276,0.4525575802,0.4403328396,0.1071095802,0.8928904198,0.693837,0.306163,0.4814097826,0.4248544349,0.09373578257,0.9062642174,0.711816,0.288184,0.5066820179,0.4102679643,0.08305001786,0.9169499821,0.718948,0.281052,0.5168862267,0.4041235466,0.0789902267,0.9210097733,,,,https://www.ncbi.nlm.nih.gov/snp/rs1360780,0.21875,0.3253,0.32296918767507,0.21875,0.3253,0.32296918767507,0.32296918767507,0.67703081232493,0.104309096187495,0.437320182975151,0.458370720837355,0.541629279162645,https://rest.ensembl.org/variation/human/rs1360780?pops=1,ok,"{""tiene_primary_snapshot_data"": true, ""n_allele_annotations"": 3, ""estudios_detectados"": [""Korea1K"", ""dbGaP_PopFreq"", ""1000Genomes_30X"", ""GnomAD_genomes"", ""GoNL"", ""PRJEB36033"", ""HGDP_Stanford"", ""Qatari"", ""SGDP_PRJ"", ""PAGE_STUDY"", ""TWINSUK"", ""TOMMO""], ""poblaciones_ejemplo"": [""ALL""], ""n_estudios"": 24, ""n_poblaciones"": 1}"
rs73598374,ADA,12,Riesgo,,7,Tendencias y bienestar,C/A/G/T,C,"A,G,T",GRCh38,Ensembl,A/G/T,A,G,T,T,0.0513179,T,0.0616302,T,0.0201729,T,0.0200015,T,0.0234375,0.0513179,0.9486821,0.00263352686,0.09736874628,0.8999977269,0.1000022731,0.0616302,0.9383698,0.003798281552,0.1156638369,0.8805378816,0.1194621184,0.0201729,0.9798271,0.0004069458944,0.03953190821,0.9600611459,0.03993885411,0.0200015,0.9799985,0.0004000600022,0.03920288,0.96039706,0.03960294,,,,https://www.ncbi.nlm.nih.gov/snp/rs73598374,,,,,,,,,,,,,https://rest.ensembl.org/variation/human/rs73598374?pops=1,sin_frecuencia_para_este_alelo_en_poblaciones_objetivo,"{""tiene_primary_snapshot_data"": true, ""n_allele_annotations"": 4, ""estudios_detectados"": [""ExAC"", ""Korea1K"", ""dbGaP_PopFreq"", ""1000Genomes_30X"", ""GnomAD_genomes"", ""ALSPAC"", ""Qatari"", ""SGDP_PRJ"", ""TWINSUK"", ""TOMMO"", ""Siberian"", ""Vietnamese""], ""poblaciones_ejemplo"": [""ALL""], ""n_estudios"": 20, ""n_poblaciones"": 1}"
rs4988235,MCM6,22,Riesgo,,7,Tendencias y bienestar,G/A/C/T,G,"A,C,T",GRCh38,Ensembl,A/C/T,A,C,T,A,0.161342,A,0.507952,A,0.216138,A,0.215828,A,0.242188,0.161342,0.838658,0.02603124096,0.2706215181,0.703347241,0.296652759,0.507952,0.492048,0.2580152343,0.4998735314,0.2421112343,0.7578887657,0.216138,0.783862,0.04671563504,0.3388447299,0.614439635,0.385560365,0.215828,0.784172,0.04658172558,0.3384925488,0.6149257256,0.3850742744,0.88,0.79–0.99,21167361,https://www.ncbi.nlm.nih.gov/snp/rs4988235,,,,,,,,,,,,,https://rest.ensembl.org/variation/human/rs4988235?pops=1,sin_frecuencia_para_este_alelo_en_poblaciones_objetivo,"{""tiene_primary_snapshot_data"": true, ""n_allele_annotations"": 4, ""estudios_detectados"": [""NorthernSweden"", ""PRJEB36033"", ""PRJEB37584"", ""SGDP_PRJ"", ""Siberian"", ""HapMap"", ""1000Genomes"", ""Daghestan"", ""Qatari"", ""TOPMED"", ""GoNL"", ""dbGaP_PopFreq""], ""poblaciones_ejemplo"": [""ALL""], ""n_estudios"": 17, ""n_poblaciones"": 1}"
rs2292351,SLC16A11,15.3,Riesgo,,2,Diabetes tipo 2 (SLC16A11 módulo),C/G,C,G,GRCh38,Ensembl,G,G,,,G,0.058107,G,0.0168986,G,0.242075,G,0.252089,G,0.265625,0.058107,0.941893,0.003376423449,0.1094611531,0.8871624234,0.1128375766,0.0168986,0.9831014,0.000285562682,0.03322607464,0.9664883627,0.03351163732,0.242075,0.757925,0.05860030563,0.3669493887,0.5744503056,0.4255496944,0.252089,0.747911,0.06354886392,0.3770802722,0.5593708639,0.4406291361,1.2,1.13–1.28,24390345,https://www.ncbi.nlm.nih.gov/snp/rs2292351,,,,,,,,,,,,,https://rest.ensembl.org/variation/human/rs2292351?pops=1,sin_frecuencia_para_este_alelo_en_poblaciones_objetivo,"{""tiene_primary_snapshot_data"": true, ""n_allele_annotations"": 2, ""estudios_detectados"": [""ExAC"", ""Korea1K"", ""FINRISK"", ""dbGaP_PopFreq"", ""1000Genomes_30X"", ""GnomAD_genomes"", ""GnomAD_exomes"", ""ALSPAC"", ""SGDP_PRJ"", ""TWINSUK"", ""TOMMO"", ""Siberian""], ""poblaciones_ejemplo"": [""ALL""], ""n_estudios"": 21, ""n_poblaciones"": 1}"
rs77552976,SLC16A11,14.1,Riesgo,,2,Diabetes tipo 2 (SLC16A11 módulo),C/G/T,C,"G,T",GRCh38,Ensembl,G/T,G,T,,T,0.058107,T,0.0168986,T,0.242075,T,0.252712,T,0.273438,0.058107,0.941893,0.003376423449,0.1094611531,0.8871624234,0.1128375766,0.0168986,0.9831014,0.000285562682,0.03322607464,0.9664883627,0.03351163732,0.242075,0.757925,0.05860030563,0.3669493887,0.5744503056,0.4255496944,0.252712,0.747288,0.06386335494,0.3776972901,0.5584393549,0.4415606451,1.2,1.13–1.28,24390345,https://www.ncbi.nlm.nih.gov/snp/rs77552976,0.2734375,0.1481,,0.2734375,0.1481,,0.2734375,0.7265625,0.07476806640625,0.3973388671875,0.52789306640625,0.47210693359375,https://rest.ensembl.org/variation/human/rs77552976?pops=1,ok,"{""tiene_primary_snapshot_data"": true, ""n_allele_annotations"": 3, ""estudios_detectados"": [""ALSPAC"", ""NorthernSweden"", ""TWINSUK"", ""KOREAN"", ""Korea1K"", ""TOMMO"", ""SGDP_PRJ"", ""Siberian"", ""1000Genomes"", ""Korea4K"", ""TOPMED"", ""Vietnamese""], ""poblaciones_ejemplo"": [""ALL""], ""n_estudios"": 17, ""n_poblaciones"": 1}"
rs4630597,SLC16A11,9.9,Riesgo,,2,Diabetes tipo 2 (SLC16A11 módulo),T/C,T,C,GRCh38,Ensembl,C,C,,,C,0.0914537,C,0.0228628,C,0.252161,C,0.263153,C,0.289062,0.0914537,0.9085463,0.008363779244,0.1661798415,0.8254563792,0.1745436208,0.0228628,0.9771372,0.0005227076238,0.04468018475,0.9547971076,0.04520289238,0.252161,0.747839,0.06358516992,0.3771516602,0.5592631699,0.4407368301,0.263153,0.736847,0.06924950141,0.3878069972,0.5429435014,0.4570564986,1.2,1.13–1.28,24390345,https://www.ncbi.nlm.nih.gov/snp/rs4630597,0.2890625,0.1662,0.197089947089947,0.2890625,0.1662,0.197089947089947,0.197089947089947,0.802910052910053,0.0388444472439182,0.316490999692058,0.644664553064024,0.355335446935976,https://rest.ensembl.org/variation/human/rs4630597?pops=1,ok,"{""tiene_primary_snapshot_data"": true, ""n_allele_annotations"": 2, ""estudios_detectados"": [""Korea1K"", ""dbGaP_PopFreq"", ""1000Genomes_30X"", ""GnomAD_genomes"", ""GoNL"", ""Qatari"", ""SGDP_PRJ"", ""TWINSUK"", ""TOMMO"", ""Siberian"", ""Vietnamese"", ""GENOME_DK""], ""poblaciones_ejemplo"": [""ALL""], ""n_estudios"": 19, ""n_poblaciones"": 1}"
rs113748381,SLC16A11,5.9,Riesgo,,2,Diabetes tipo 2 (SLC16A11 módulo),G/A,G,A,GRCh38,Ensembl,A,A,,,A,0.0846645,A,0.0168986,A,0.252161,A,0.261254,A,0.273438,0.0846645,0.9153355,0.00716807756,0.1549928449,0.8378390776,0.1621609224,0.0168986,0.9831014,0.000285562682,0.03322607464,0.9664883627,0.03351163732,0.252161,0.747839,0.06358516992,0.3771516602,0.5592631699,0.4407368301,0.261254,0.738746,0.06825365252,0.386000695,0.5457456525,0.4542543475,1.2,1.13–1.28,24390345,https://www.ncbi.nlm.nih.gov/snp/rs113748381,0.2734375,0.1577,0.194444444444444,0.2734375,0.1577,0.194444444444444,0.194444444444444,0.805555555555556,0.0378086419753086,0.313271604938272,0.64891975308642,0.35108024691358,https://rest.ensembl.org/variation/human/rs113748381?pops=1,ok,"{""tiene_primary_snapshot_data"": true, ""n_allele_annotations"": 2, ""estudios_detectados"": [""ALSPAC"", ""NorthernSweden"", ""TWINSUK"", ""KOREAN"", ""Korea1K"", ""TOMMO"", ""SGDP_PRJ"", ""Siberian"", ""Qatari"", ""1000Genomes"", ""Korea4K"", ""TOPMED""], ""poblaciones_ejemplo"": [""ALL""], ""n_estudios"": 18, ""n_poblaciones"": 1}"
rs73239895,SLC16A11,5.8,Riesgo,,2,Diabetes tipo 2 (SLC16A11 módulo),C/T,C,T,GRCh38,Ensembl,T,T,,,T,0.0860623,T,0.0168986,T,0.252161,T,0.261254,T,0.273438,0.0860623,0.9139377,0.007406719481,0.157311161,0.8352821195,0.1647178805,0.0168986,0.9831014,0.000285562682,0.03322607464,0.9664883627,0.03351163732,0.252161,0.747839,0.06358516992,0.3771516602,0.5592631699,0.4407368301,0.261254,0.738746,0.06825365252,0.386000695,0.5457456525,0.4542543475,1.2,1.13–1.28,24390345,https://www.ncbi.nlm.nih.gov/snp/rs73239895,0.2734375,0.1589,0.193548387096774,0.2734375,0.1589,0.193548387096774,0.193548387096774,0.806451612903226,0.0374609781477627,0.312174817898023,0.650364203954214,0.349635796045786,https://rest.ensembl.org/variation/human/rs73239895?pops=1,ok,"{""tiene_primary_snapshot_data"": true, ""n_allele_annotations"": 2, ""estudios_detectados"": [""Korea1K"", ""dbGaP_PopFreq"", ""1000Genomes_30X"", ""GnomAD_genomes"", ""GoNL"", ""Qatari"", ""SGDP_PRJ"", ""TWINSUK"", ""TOMMO"", ""Siberian"", ""Vietnamese"", ""GENOME_DK""], ""poblaciones_ejemplo"": [""ALL""], ""n_estudios"": 19, ""n_poblaciones"": 1}"
rs77086571,SLC16A11,5.7,Riesgo,,2,Diabetes tipo 2 (SLC16A11 módulo),G/C/T,G,"C,T",GRCh38,Ensembl,C/T,C,T,,C,0.058107,C,0.0168986,C,0.242075,C,0.252089,C,0.265625,0.058107,0.941893,0.003376423449,0.1094611531,0.8871624234,0.1128375766,0.0168986,0.9831014,0.000285562682,0.03322607464,0.9664883627,0.03351163732,0.242075,0.757925,0.05860030563,0.3669493887,0.5744503056,0.4255496944,0.252089,0.747911,0.06354886392,0.3770802722,0.5593708639,0.4406291361,,,,https://www.ncbi.nlm.nih.gov/snp/rs77086571,,,,,,,,,,,,,https://rest.ensembl.org/variation/human/rs77086571?pops=1,sin_frecuencia_para_este_alelo_en_poblaciones_objetivo,
rs74577409,SLC16A11,5.6,Riesgo,,2,Diabetes tipo 2 (SLC16A11 módulo),C/A/G,C,"A,G",GRCh38,Ensembl,A/G,A,G,,G,0.058107,G,0.0168986,G,0.242075,G,0.252089,G,0.265625,0.058107,0.941893,0.003376423449,0.1094611531,0.8871624234,0.1128375766,0.0168986,0.9831014,0.000285562682,0.03322607464,0.9664883627,0.03351163732,0.242075,0.757925,0.05860030563,0.3669493887,0.5744503056,0.4255496944,0.252089,0.747911,0.06354886392,0.3770802722,0.5593708639,0.4406291361,,,,https://www.ncbi.nlm.nih.gov/snp/rs74577409,0.265625,0.15,,0.265625,0.15,,0.265625,0.734375,0.070556640625,0.39013671875,0.539306640625,0.460693359375,https://rest.ensembl.org/variation/human/rs74577409?pops=1,ok,"{""tiene_primary_snapshot_data"": true, ""n_allele_annotations"": 3, ""estudios_detectados"": [""ALSPAC"", ""NorthernSweden"", ""TWINSUK"", ""KOREAN"", ""Korea1K"", ""TOMMO"", ""Siberian"", ""1000Genomes"", ""Korea4K"", ""TOPMED"", ""Vietnamese"", ""SGDP_PRJ""], ""poblaciones_ejemplo"": [""ALL""], ""n_estudios"": 16, ""n_poblaciones"": 1}"
rs13342232,SLC16A11,0.8,Riesgo,,2,Diabetes tipo 2 (SLC16A11 módulo),A/G,A,G,GRCh38,Ensembl,G,G,,,G,0.163139,G,0.0228628,G,0.275216,G,0.282822,G,0.28125,0.163139,0.836861,0.02661433332,0.2730493334,0.7003363333,0.2996636667,0.0228628,0.9771372,0.0005227076238,0.04468018475,0.9547971076,0.04520289238,0.275216,0.724784,0.07574384666,0.3989443067,0.5253118467,0.4746881533,0.282822,0.717178,0.07998828368,0.4056674326,0.5143442837,0.4856557163,,,,https://www.ncbi.nlm.nih.gov/snp/rs13342232,,,,,,,,,,,,,https://rest.ensembl.org/variation/human/rs13342232?pops=1,sin_frecuencia_para_este_alelo_en_poblaciones_objetivo,
rs13342692,SLC16A11,3.69,Riesgo,,2,Diabetes tipo 2 (SLC16A11 módulo),T/C/G,T,"C,G",GRCh38,Ensembl,C/G,C,G,,C,0.163538,C,0.0228628,C,0.275216,C,0.282822,C,0.28125,0.163538,0.836462,0.02674467744,0.2735866451,0.6996686774,0.3003313226,0.0228628,0.9771372,0.0005227076238,0.04468018475,0.9547971076,0.04520289238,0.275216,0.724784,0.07574384666,0.3989443067,0.5253118467,0.4746881533,0.282822,0.717178,0.07998828368,0.4056674326,0.5143442837,0.4856557163,,,,https://www.ncbi.nlm.nih.gov/snp/rs13342692,0.28125,0.3006,0.256128293241695,0.28125,0.3006,0.256128293241695,0.256128293241695,0.743871706758305,0.0656017025989039,0.381053181285583,0.553345116115513,0.446654883884487,https://rest.ensembl.org/variation/human/rs13342692?pops=1,ok,"{""tiene_primary_snapshot_data"": true, ""n_allele_annotations"": 4, ""estudios_detectados"": [""ExAC"", ""Korea1K"", ""FINRISK"", ""dbGaP_PopFreq"", ""1000Genomes_30X"", ""GnomAD_genomes"", ""GoNL"", ""ALSPAC"", ""PRJEB36033"", ""HGDP_Stanford"", ""Qatari"", ""SGDP_PRJ""], ""poblaciones_ejemplo"": [""ALL""], ""n_estudios"": 28, ""n_poblaciones"": 1}"
rs117767867,SLC16A11,3.69,Riesgo,,2,Diabetes tipo 2 (SLC16A11 módulo),C/T,C,T,GRCh38,Ensembl,T,T,,,T,0.058107,T,0.0168986,T,0.242075,T,0.252089,T,0.265625,0.058107,0.941893,0.003376423449,0.1094611531,0.8871624234,0.1128375766,0.0168986,0.9831014,0.000285562682,0.03322607464,0.9664883627,0.03351163732,0.242075,0.757925,0.05860030563,0.3669493887,0.5744503056,0.4255496944,0.252089,0.747911,0.06354886392,0.3770802722,0.5593708639,0.4406291361,,,,https://www.ncbi.nlm.nih.gov/snp/rs117767867,,,,,,,,,,,,,https://rest.ensembl.org/variation/human/rs117767867?pops=1,sin_frecuencia_para_este_alelo_en_poblaciones_objetivo,
rs75418188,SLC16A11,3.69,Riesgo,,2,Diabetes tipo 2 (SLC16A11 módulo),C/A/T,C,"A,T",GRCh38,Ensembl,A/T,A,T,,T,0.0579073,T,0.0168986,T,0.240634,T,0.250618,T,0.265625,0.0579073,0.9420927,0.003353255393,0.1091080892,0.8875386554,0.1124613446,0.0168986,0.9831014,0.000285562682,0.03322607464,0.9664883627,0.03351163732,0.240634,0.759366,0.05790472196,0.3654585561,0.576636722,0.423363278,0.250618,0.749382,0.06280938192,0.3756172362,0.5615733819,0.4384266181,,,,https://www.ncbi.nlm.nih.gov/snp/rs75418188,,,,,,,,,,,,,https://rest.ensembl.org/variation/human/rs75418188?pops=1,sin_frecuencia_para_este_alelo_en_poblaciones_objetivo,
rs17203120,SLC16A11,3.69,Riesgo,,2,Diabetes tipo 2 (SLC16A11 módulo),T/A/G,T,"A,G",GRCh38,Ensembl,A/G,A,G,,G,0.0587061,G,0.0168986,G,0.242075,G,0.252572,G,0.273438,0.0587061,0.9412939,0.003446406177,0.1105193876,0.8860342062,0.1139657938,0.0168986,0.9831014,0.000285562682,0.03322607464,0.9664883627,0.03351163732,0.242075,0.757925,0.05860030563,0.3669493887,0.5744503056,0.4255496944,0.252572,0.747428,0.06379261518,0.3775587696,0.5586486152,0.4413513848,,,,https://www.ncbi.nlm.nih.gov/snp/rs17203120,,,,,,,,,,,,,https://rest.ensembl.org/variation/human/rs17203120?pops=1,sin_frecuencia_para_este_alelo_en_poblaciones_objetivo,
rs145952323,SLC16A11,3.69,Riesgo,,2,Diabetes tipo 2 (SLC16A11 módulo),G/C,G,C,GRCh38,Ensembl,C,C,,,C,0.0587061,C,0.0168986,C,0.242075,C,0.252572,C,0.273438,0.0587061,0.9412939,0.003446406177,0.1105193876,0.8860342062,0.1139657938,0.0168986,0.9831014,0.000285562682,0.03322607464,0.9664883627,0.03351163732,0.242075,0.757925,0.05860030563,0.3669493887,0.5744503056,0.4255496944,0.252572,0.747428,0.06379261518,0.3775587696,0.5586486152,0.4413513848,,,,https://www.ncbi.nlm.nih.gov/snp/rs145952323,,,,,,,,,,,,,https://rest.ensembl.org/variation/human/rs145952323?pops=1,sin_frecuencia_para_este_alelo_en_poblaciones_objetivo,
rs75493593,SLC16A11,3.69,Riesgo,,2,Diabetes tipo 2 (SLC16A11 módulo),G/C/T,G,"C,T",GRCh38,Ensembl,C/T,C,T,,T,0.0587061,T,0.0168986,T,0.242075,T,0.252572,T,0.273438,0.0587061,0.9412939,0.003446406177,0.1105193876,0.8860342062,0.1139657938,0.0168986,0.9831014,0.000285562682,0.03322607464,0.9664883627,0.03351163732,0.242075,0.757925,0.05860030563,0.3669493887,0.5744503056,0.4255496944,0.252572,0.747428,0.06379261518,0.3775587696,0.5586486152,0.4413513848,,,,https://www.ncbi.nlm.nih.gov/snp/rs75493593,0.2734375,0.28,0.0205949656750572,0.2734375,0.28,0.0205949656750572,0.0205949656750572,0.979405034324943,0.000424152611156785,0.0403416261278008,0.959234221261042,0.0407657787389577,https://rest.ensembl.org/variation/human/rs75493593?pops=1,ok,"{""tiene_primary_snapshot_data"": true, ""n_allele_annotations"": 3, ""estudios_detectados"": [""Korea1K"", ""FINRISK"", ""dbGaP_PopFreq"", ""1000Genomes_30X"", ""GoNL"", ""ALSPAC"", ""PRJEB36033"", ""SGDP_PRJ"", ""PAGE_STUDY"", ""TWINSUK"", ""TOMMO"", ""Siberian""], ""poblaciones_ejemplo"": [""ALL""], ""n_estudios"": 21, ""n_poblaciones"": 1}"
rs75075014,SLC16A11,3.69,Riesgo,,2,Diabetes tipo 2 (SLC16A11 módulo),G/A,G,A,GRCh38,Ensembl,A,A,,,A,0.0587061,A,0.0168986,A,0.242075,A,0.252572,A,0.273438,0.0587061,0.9412939,0.003446406177,0.1105193876,0.8860342062,0.1139657938,0.0168986,0.9831014,0.000285562682,0.03322607464,0.9664883627,0.03351163732,0.242075,0.757925,0.05860030563,0.3669493887,0.5744503056,0.4255496944,0.252572,0.747428,0.06379261518,0.3775587696,0.5586486152,0.4413513848,,,,https://www.ncbi.nlm.nih.gov/snp/rs75075014,,,,,,,,,,,,,https://rest.ensembl.org/variation/human/rs75075014?pops=1,sin_frecuencia_para_este_alelo_en_poblaciones_objetivo,
rs78972129,SLC16A11,3.69,Riesgo,,2,Diabetes tipo 2 (SLC16A11 módulo),G/A,G,A,GRCh38,Ensembl,A,A,,,A,0.0599042,A,0.0168986,A,0.242075,A,0.252572,A,0.273438,0.0599042,0.9400958,0.003588513178,0.1126313736,0.8837801132,0.1162198868,0.0168986,0.9831014,0.000285562682,0.03322607464,0.9664883627,0.03351163732,0.242075,0.757925,0.05860030563,0.3669493887,0.5744503056,0.4255496944,0.252572,0.747428,0.06379261518,0.3775587696,0.5586486152,0.4413513848,,,,https://www.ncbi.nlm.nih.gov/snp/rs78972129,,,,,,,,,,,,,https://rest.ensembl.org/variation/human/rs78972129?pops=1,sin_frecuencia_para_este_alelo_en_poblaciones_objetivo,
rs76070643,SLC16A11,3.69,Riesgo,,2,Diabetes tipo 2 (SLC16A11 módulo),C/A/T,C,"A,T",GRCh38,Ensembl,A/T,A,T,,T,0.0601038,T,0.0178926,T,0.242075,T,0.252572,T,0.273438,0.0601038,0.9398962,0.003612466774,0.1129826665,0.8834048668,0.1165951332,0.0178926,0.9821074,0.0003201451348,0.03514490973,0.9645349451,0.03546505487,0.242075,0.757925,0.05860030563,0.3669493887,0.5744503056,0.4255496944,0.252572,0.747428,0.06379261518,0.3775587696,0.5586486152,0.4413513848,,,,https://www.ncbi.nlm.nih.gov/snp/rs76070643,,,,,,,,,,,,,https://rest.ensembl.org/variation/human/rs76070643?pops=1,sin_frecuencia_para_este_alelo_en_poblaciones_objetivo,
rs58223766,SLC16A11,3.69,Riesgo,,2,Diabetes tipo 2 (SLC16A11 módulo),C/T,C,T,GRCh38,Ensembl,T,T,,,T,0.0816693,T,0.0168986,T,0.252161,T,0.261113,T,0.273438,0.0816693,0.9183307,0.006669874562,0.1499988509,0.8433312746,0.1566687254,0.0168986,0.9831014,0.000285562682,0.03322607464,0.9664883627,0.03351163732,0.252161,0.747839,0.06358516992,0.3771516602,0.5592631699,0.4407368301,0.261113,0.738887,0.06817999877,0.3858660025,0.5459539988,0.4540460012,,,,https://www.ncbi.nlm.nih.gov/snp/rs58223766,,,,,,,,,,,,,https://rest.ensembl.org/variation/human/rs58223766?pops=1,sin_frecuencia_para_este_alelo_en_poblaciones_objetivo,
rs7903146,TCF7L2,36,Riesgo,,2,Diabetes tipo 2 (SLC16A11 módulo),C/G/T,C,"G,T",GRCh38,Ensembl,G/T,G,T,,T,0.227835,T,0.317097,T,0.23487,T,0.22888,T,0.21875,0.227835,0.772165,0.05190878723,0.3518524256,0.5962387872,0.4037612128,0.317097,0.682903,0.1005505074,0.4330929852,0.4663565074,0.5336434926,0.23487,0.76513,0.0551639169,0.3594121662,0.5854239169,0.4145760831,0.22888,0.77112,0.0523860544,0.3529878912,0.5946260544,0.4053739456,1.4,1.34–1.46,16945622,https://www.ncbi.nlm.nih.gov/snp/rs7903146,0.21875,0.2649,0.23224109064817,0.21875,0.2649,0.23224109064817,0.23224109064817,0.76775890935183,0.0539359241854517,0.356610332925437,0.589453742889111,0.410546257110889,https://rest.ensembl.org/variation/human/rs7903146?pops=1,ok,"{""tiene_primary_snapshot_data"": true, ""n_allele_annotations"": 3, ""estudios_detectados"": [""Korea1K"", ""dbGaP_PopFreq"", ""1000Genomes_30X"", ""GnomAD_genomes"", ""GoNL"", ""PRJEB36033"", ""HGDP_Stanford"", ""PRJEB37766"", ""Qatari"", ""SGDP_PRJ"", ""PAGE_STUDY"", ""TWINSUK""], ""poblaciones_ejemplo"": [""ALL""], ""n_estudios"": 25, ""n_poblaciones"": 1}"
rs12255372,TCF7L2,36,Riesgo,,2,Diabetes tipo 2 (SLC16A11 módulo),G/A/T,G,"A,T",GRCh38,Ensembl,A/T,A,T,,T,0.213858,T,0.292247,T,0.21902,T,0.211934,T,0.195312,0.213858,0.786142,0.04573524416,0.3362455117,0.6180192442,0.3819807558,0.292247,0.707753,0.08540830901,0.413677382,0.500914309,0.499085691,0.21902,0.78098,0.0479697604,0.3421004792,0.6099297604,0.3900702396,0.211934,0.788066,0.04491602036,0.3340359593,0.6210480204,0.3789519796,1.37,1.29–1.46,16945622,https://www.ncbi.nlm.nih.gov/snp/rs12255372,0.1953125,0.2582,0.201829389540664,0.1953125,0.2582,0.201829389540664,0.201829389540664,0.798170610459336,0.0407351024823572,0.322188574116614,0.637076323401029,0.362923676598971,https://rest.ensembl.org/variation/human/rs12255372?pops=1,ok,"{""tiene_primary_snapshot_data"": true, ""n_allele_annotations"": 3, ""estudios_detectados"": [""Korea1K"", ""Chileans"", ""dbGaP_PopFreq"", ""1000Genomes_30X"", ""GnomAD_genomes"", ""GoNL"", ""PRJEB36033"", ""HGDP_Stanford"", ""Qatari"", ""SGDP_PRJ"", ""PAGE_STUDY"", ""TWINSUK""], ""poblaciones_ejemplo"": [""ALL""], ""n_estudios"": 25, ""n_poblaciones"": 1}"
rs7754840,CDKAL1,20,Riesgo,,2,Diabetes tipo 2 (SLC16A11 módulo),G/A/C/T,G,"A,C,T",GRCh38,Ensembl,A/C/T,A,C,T,C,0.405351,C,0.318091,C,0.318444,C,0.317146,C,0.320312,0.405351,0.594649,0.1643094332,0.4820831336,0.3536074332,0.6463925668,0.318091,0.681909,0.1011818843,0.4338182314,0.4649998843,0.5350001157,0.318444,0.681556,0.1014065811,0.4340748377,0.4645185811,0.5354814189,0.317146,0.682854,0.1005815853,0.4331288294,0.4662895853,0.5337104147,1.22,1.17–1.27,17463246,https://www.ncbi.nlm.nih.gov/snp/rs7754840,0.3203125,0.3249,0.194059405940594,0.3203125,0.3249,0.194059405940594,0.194059405940594,0.805940594059406,0.0376590530340163,0.312800705813156,0.649540241152828,0.350459758847172,https://rest.ensembl.org/variation/human/rs7754840?pops=1,ok,"{""tiene_primary_snapshot_data"": true, ""n_allele_annotations"": 4, ""estudios_detectados"": [""Korea1K"", ""dbGaP_PopFreq"", ""1000Genomes_30X"", ""GoNL"", ""PRJEB36033"", ""Qatari"", ""SGDP_PRJ"", ""PAGE_STUDY"", ""TOMMO"", ""PRJEB37584"", ""Siberian"", ""Vietnamese""], ""poblaciones_ejemplo"": [""ALL""], ""n_estudios"": 21, ""n_poblaciones"": 1}"
rs4402960,IGF2BP2,8,Riesgo,,2,Diabetes tipo 2 (SLC16A11 módulo),G/C/T,G,"C,T",GRCh38,Ensembl,C/T,C,T,,T,0.388978,T,0.304175,T,0.283862,T,0.276742,T,0.21875,0.388978,0.611022,0.1513038845,0.475348231,0.3733478845,0.6266521155,0.304175,0.695825,0.09252243062,0.4233051387,0.4841724306,0.5158275694,0.283862,0.716138,0.08057763504,0.4065687299,0.512853635,0.487146365,0.276742,0.723258,0.07658613456,0.4003117309,0.5231021346,0.4768978654,1.14,1.10–1.18,17554300,https://www.ncbi.nlm.nih.gov/snp/rs4402960,0.21875,0.2897,0.262020006453695,0.21875,0.2897,0.262020006453695,0.262020006453695,0.737979993546305,0.0686544837819942,0.386731045343401,0.544614470874605,0.455385529125395,https://rest.ensembl.org/variation/human/rs4402960?pops=1,ok,"{""tiene_primary_snapshot_data"": true, ""n_allele_annotations"": 3, ""estudios_detectados"": [""Korea1K"", ""Chileans"", ""dbGaP_PopFreq"", ""1000Genomes_30X"", ""GnomAD_genomes"", ""GoNL"", ""PRJEB36033"", ""HGDP_Stanford"", ""PRJEB37766"", ""Qatari"", ""SGDP_PRJ"", ""PAGE_STUDY""], ""poblaciones_ejemplo"": [""ALL""], ""n_estudios"": 27, ""n_poblaciones"": 1}"
